序号,来源形式,父级标题/问题,原帖/回答URL,言论发布者,作者UID/Token,作者主页,发布时间,点赞数,风险级别,负面分类,核心实锤摘要/引证,完整言论原文
1,专栏文章,"清一新教育 刘晓慧传武夺金！
清一武道馆
的另一面 成长记录【3】",https://zhuanlan.zhihu.com/p/1938160792542373738,蔡凯琪,qu-qi-51-61,https://www.zhihu.com/people/qu-qi-51-61,,203,MEDIUM,新教育争议/误人子弟/毁孩子/伪国学,甘、委屈、抱怨的情绪所控，做出害人害己的事情。 所以，我一定要很,"明晓成为中国国礼
来知乎一段时间，我分享了许多我心中珍藏的回忆，这些爱不应该被黑子们掩盖，所以我把它写成了故事，留在知乎上，很多人都说很感动。
目前我还从来没有写过武道馆的故事，而我很多最感动的回忆，其实发生在武道馆。
这篇文章希望能够带您从中窥见，清一武道馆的另一面。这里不仅有激动人心的实战记录，不可思议的太极武功，同时还有一个很特别的东西，就是温暖人心的爱。
山长说到明晓的成功离不开父母的支持。这一点我深有感触，有一次我们木兰出去打比赛，我另一名伙伴去做场务，明晓的爸爸去做拍摄，就诞生了这张照片，明晓的爸爸为了拍到更好的角度爬到了一根杆子上。
明晓的爸爸和妈妈，虽然都是大学教授，但是来到平台以后都很尽心尽力、一点一滴的在建设平台，是我们很喜欢的叔叔阿姨。
明晓爸爸的高危拍摄，哈哈
——我武道馆的经历
众所周知，我现在的身份是今日塾的一名教师，但在此之前，我是清一武道馆的一员。
从2019年武道馆成立那天就加入的一员，见证了山长在我们还一无所有的时候“吹大牛”
，见证了很多木兰第一次踏上泰国擂台，也见证了自己第一次踏上泰国擂台，现在也见证了这个大牛的实现。
武道馆是我来到平台内，第一个落脚的地方。从入读开始我就一直在接受武道馆的照料，不仅从来没有教过学费，甚至连生活用品纸巾、鞋子、洗衣费之类的东西，也是山长出资的，山长更是花了很多时间和精力培养我们，
我很感恩我有机会来到这里。
武道馆给了我改变命运的起点
，所以我对这里一直有一种特殊的感情，每次有机会就忍不住想回来，回到武道馆就像回到家一样，见到伙伴就很喜悦，而且也希望大家安好。这份感情实在是有点深厚，甚至有的时候会过于关心这里，甚至胜过关心我自己，需要我用理性去控制一下，不要泛滥情感，这一点大家不要学我。
当时的武医学院合照
伙伴们当时送我的祝福，现在快要三年过去了
2023年的时候，我选择了更加适合自己的发展方向，就是去三校当老师，依依不舍的离开了武道馆。当时我离开的时候，伙伴们都给我送上了很真诚的祝福，虽然有很多伙伴走着走着就走散了。
直到现在已经快离开三年了，这三年大家都发生了很多的变化，生活的关注点截然不同，有时候我听她们讲起赛事，就像她们听我讲起带班，
但不变依然是人和人之间的关心。依然在各自的方向上持续的努力！明晓已经成为了佼佼者，我在教师之路上还需要继续努力！
——武道馆中一种特别的战友情！
从八强到决赛，每次看完明晓直播，我浑身都洋溢着能量，想要又蹦又跳。
当明晓克服自己身体的不适，赢下胜利拿到决赛权的时候，
我问我的好朋友谭琛怡，她是什么感受？
她说——她想哭。她想哭，是因为同样作为48kg，明晓比她先拿到冠军吗？她太难过吗？
不是的，是因为她太感动了，她感觉这些天来的付出，这些年来持续的努力都值得了。
谭木兰和明晓的赛后合影，世界冠军和东亚冠军
为了帮助明晓打好比赛，她陪明晓一起来到了成都，做明晓在国家队集训期间的陪练。练过的人都知道，陪练需要为了拳手的提升，去模拟别人的进攻方式，去给拳手拿把，去给拳手喂招，其实是有点憋屈的。
同为木兰，同为东亚冠军，她没有选择嫉妒或者使坏，而是尽心尽力、忙前忙后的在帮助明晓。
虽然这次是谭琛仪陪明晓去成都，但是我相信换了武道馆的其他人，他们也会这么去做。为什么大家愿意这么做？
除了善良，真心考虑伙伴以外，
其实还是因为大家心中其实有一份共同的理想，就是——传武这么好！失传太可惜了！所以想要为往圣继绝学。
虽然每个人都想当冠军，都想先创造记录，但是因为共同的理想，我们并没有像清黑一样互相踩踏，而是一直是彼此关心、彼此支持。
这样的伙伴真的很难得，所以我非常珍惜。
明晓做谭琛怡比赛的场务，也是忙前忙后
这个时候的我已经离开武道馆两年了，再次和大家一起训练，感到很开心
第一次参加泰拳锦标赛比赛，我和佳惠刚刚下场
回国比赛每个人都拿了奖
——武道教给我的勇士精神！
对我来说，武道馆让我拥有了一群很好的伙伴，学会了爱和关心别人；但另一方面，很奇怪的是，在武道馆我也学会了，最大的敌人其实是我自己！要去和自己的弱点做斗争，要去塑造和训练一个更加卓越的自己！
山长一直告诉我们，练武的目的不是为了打败别人，而是为了改变自己的弱点。
在刚刚进入武道馆的时候，我也不喜欢对抗训练，觉得别人打到自己很恐怖、很不爽，有等等一大堆情绪。但是后面我发现这些情绪无益于我去更好的训练，我开始慢慢改变我的看法，控制我的观点。
我训练自己，将每次对抗训练都视作一个机会。
尽我所能多每一刻都全神贯注，每一刻都做到自己的最好；在紧张时我会训练自己警觉，在疲惫时我会训练自己继续去触碰极限；每一秒都是一次机会，在这些好和不好的机会中，我都能去创造了那个最棒自己！
后面慢慢的，我学会了不只是在训练时抱这种态度，生活中也抱这种态度，每次困难都是一次机会，去让我变得更加的强大。
我对于练功一直挺有热情，现在当老师了依然如此
当时觉得和拳击105磅世界冠军熊朝忠合影很特别，但现在我已经有了好多和世界冠军的合影了，哈哈哈
——最后的感想
这其实是昨晚突然间有感而发写下来的文章。最近的清黑事件与明晓的夺冠交织在一起，对于两种不同人生的示现感触良多，从顶峰跌落至谷底的清黑，从普通人到成为国礼的明晓。
一念的骄傲、一念的抱怨、一念的堕落，再加上不甘和破坏，这些东西造就了清黑，让他们不仅失去机会，甚至连和我们平台做朋友都很难做。而明晓一念相信老师，让她从普通的姑娘成长为世界冠军。
写这篇文章，其实是因为我希望自己哪天不要像清黑一样，被不甘、委屈、抱怨的情绪所控，做出害人害己的事情。
所以，我一定要很注意修心、修德、去随喜伙伴，因为我的伙伴们注定会拿到越来越多的冠军，走向越来越大的世界！
这篇文章放在这里做一个留念，希望自己往后也能保持善良和感恩。
前面说了，我现在有好多冠军的合影了，之前先见之明派上用场，哈哈～
我一直都很相信，我们总有一天会拿到世界冠军！从帅气的短发，等到现在长发飘飘，终于等到这一天啦～
祝福其他伙伴也快快拿到世界冠军吧，做你们的朋友太荣幸了，所以我当教师也要加油了，毕竟我们一起约好顶峰相见的，哈哈！
明晓在泰国拿到的最佳拳手奖杯
泰拳锦标赛明晓拿到了全国冠军
自由搏击锦标赛明晓拿到了全国冠军"
2,专栏文章,"清一武道
：从“子弹姐”看国礼和世界冠军是怎样练成的？",https://zhuanlan.zhihu.com/p/1973882738785412869,山长 <em>清一</em>,shan-chang-qing-yi,https://www.zhihu.com/people/shan-chang-qing-yi,,382,MEDIUM,假武术/无实战能力/花架子,办就是因为太丢人，每次第一轮都打不过。现在我们拳手能赢，用上一届的,"2026年，对清一武道馆来说，意味着什么？
清一武道馆，已经拿到了一个含金量极高的泰拳世界冠军---世运会冠军。
那么：对于当事人来说，是不是拿到一个世界冠军，就证明她是武林高手了？可以安享荣誉了？
也许这样想的话，最好的方式，就是再也不去打比赛了。防止某次战败后，失去“世界冠军”的光环。这就是有些聪明人自以为是的“急流勇退”法。这也是爱面子胜过爱里子，是一种投机取巧，不思进取的思维方式，这种短见识的想法，骨子里面毫无荣誉。藏着的都是自己的个人算计和利益权衡，而不是师门的责任和荣誉！
我来国内的时候，带两个冠军班的孩子去逛商场。正好见到谷爱凌作为做代言人展示的某品牌练陈列。我就问两个学生：为啥我们拿到的泰拳世界冠军，含金量，难度，竞争的激烈程度，都比谷爱凌这种参与人数很少，只有极少数有钱人才能堆出来的冬季运动项目更高。但为何商家，却不去找我们的拳手签约当代言人呢？
她们表示无法理解。我说：其实媒体和品牌方，只是为了你的名气来付款的，不是为了你的水平来付款。谷爱凌拿到的奖牌， 是中国原来从来没有拿到过的冬奥会冠军。这个项目中国玩的人很少，是中国的劣势项目，特别烧钱。但谷爱凌在参赛前，中国的官方就已经勾兑过，知道她的实力是可以拿世界冠军的，而且谷爱凌为了配合中国的身份，还专门修改了自己的国籍，代表中国来参赛，等于她是送给中国的国礼。官方层面早就知道结果了。因此开赛后，中国的媒体才得到方向，会去主动的，大量的报道她的各种事迹，转播她的赛事。因此导致全国人民几乎都知道她。拥有了媒体传播的巨大知名度，赛后，商家才会请她来代言的！甚至她现在做啥事都有媒体来报道，不断提高知名度，这才是流量明星。武术世界冠军的地位，本质上也这种规律。
我们拳手拿到的泰拳世界冠军，其实是一匹黑马。国家体育总局自己都不相信有可能拿冠军。领导赛前来队视察都说：希望第二天还看到中国队能够继续出现在赛场上。因为前面多年的世界泰拳锦标赛，中国队都在第一轮就被淘汰了。因此媒体的关注，是打赢之后，才开始关注的，赛前的宣传报道关注都很少！而且大家都心怀疑惑---不知道这个金牌是怎样拿下来的。肯定有人猜想，是不是花钱砸出来的。
因此拳手即使获奖了，而且是中国历年来的首金。但这个赛事，基本上没有啥知名度。商家当然不可能拿钱出来买你的代言了---因为国人根本就不知道你存在。只有极少数人知道！专业圈内的人知道是真功夫，真本事！
如果今后拳手，能够继续代表中华武术，代表太极去参加世界范围线的实战，真的有把握去不断拿到世界冠军的话，顶层的领导，知道我们这些拳手，有实力去拿冠军，就会运作中国的媒体来赛前赛后的跟踪采访报道，造势。最终就会全国关注该项赛事，最终才能算是真的打出来了，就会扬名天下！
这些媒体一旦加入进来，一定会挖掘你的各种故事，你的培养背景。三语四语的学霸素质，新闻题材越来越多，爆料越来越精彩，你就会成名天下！
因此，将来的商家一定会拿百万千万的代言费来找你，你就成了“明星”
事实上，国家体育总局这个层面上，现在已经开始有动静了。
今年12月份的全国泰拳锦标赛，已经针对性的安排了比赛的内容。首先是完全按照IFMA的赛事规程，增加了原来从未安排过的，45公斤级的比赛。原来一直没有这个级别的比赛，但IFMA有。另外就是取消了身体的护具，与泰拳世界锦标赛规则相同。这对我们发挥正蹬技术特别有利。过去多年，我国锦标赛都是重点考虑安全问题，全身护具不可少。说明一个事实：国家武术中心的领导。正在考虑用世界标准的实战来办全国锦标赛，用于检验中国拳手面对世界赛事的实力，如果拳手比赛良好，特别是中国武术的含量是真的，能够压制外国拳手。我们国家将来一定会重点推广。但你必须先接受真正的实战检验，不能是意外，也不能是投机取巧（比如场下花钱买对手让输掉）。一旦我们的拳手2026年能够在世界锦标赛取得不错的成绩，我相信国家武术中心，将来还要申请在中国举办泰拳世界锦标赛，作为很多小国都举办过世界锦标赛，中国没有举办就是因为太丢人，每次第一轮都打不过。现在我们拳手能赢，用上一届的领导的话，就是我们起码能够拿一块金牌。这才会在中国举办世界锦标赛。这时候的全国媒体，肯定会全面的关注。 这时候我们的拳手去打比赛，就有很多的媒体资源可以使用了！虽然未来的泰拳世锦赛的级别比不上世界运动会，但媒体对你拿冠军的报道，赛前赛后，每日跟踪，采访等等，肯定比世界运动会多得多。这时候，你才是“一举扬名天下知”的时候。2029年的世界运动会，中国才有机会以前七名的资格代表去参赛。
因为中国对武术，对传武的热情一向是很高的。媒体报道之后，你肯定能够获得比谷爱凌高得多的知名度。说实话：谷爱凌是美国人培养出来的冠军。但我们的泰拳冠军，是我们中国人自己培养出来的，媒体肯定更喜欢挖掘这些题材--学霸拳手。因此，更容易天下扬名，全国的领导都会来捧场的，说不定拳手自己老家的领导，就直接送一套房子给你了！只要有知名度，领导们都愿意表达对你的喜欢和尊重！
因此，世界冠军，武术高手的称号，并不是一次锦标赛的比赛拿到就行了。而是要用自己的实力，
不断捍卫这个称号，才能一举成名的！因此，一两次比赛就指望天下扬名，没出现就自我否定，以为拿了世界冠军也没见到啥好处，因此练拳没有出息，拿不到名利。要去追随普通人的方式去走。这种思维，就是非常典型的清黑思维---“急功近利”“自以为是，是失败者思维方式！
我们要了解这个进程，从一个很有代表的。世界最强格斗国家---俄罗斯拳手身上就看出来了！她们每年都能夺走最多的冠军奖牌。比如：最近与张伟丽比赛的
瓦伦缇娜·舍甫琴科，看她的简历。就充分说明了一个世界冠军是怎样练成的！
从5岁开始练拳，37岁还在征战拳场的拳手瓦伦缇娜·舍甫琴科（英文：Valentina Shevchenko）。
女，1988年3月7日出生于
苏联
吉尔吉斯苏维埃社会主义共和国
伏龙芝市（今
比什凯克
），吉尔吉斯斯坦裔
秘鲁
格斗运动员。 
瓦伦缇娜·舍甫琴科5岁开始练习跆拳道，12岁时开始练习泰拳。
 2003年，舍甫琴科首次参加世界泰拳联合会（IFMA）世界锦标赛便获得青年组冠军。
（练了三年泰拳，15岁就拿到IFMA冠军---我们的拳手15岁才开始练拳）
 2006，舍甫琴科首次获得IFMA世界锦标赛成年组冠军。
（这一年她刚满18岁。首战就获得世界冠军）
 此后直至2010年，瓦伦缇娜又连续四年在IFMA世界锦标赛上获得冠军。
（所以，我说冠军班19岁之前，没有拿到全国冠军的学生，就不能留下继续打拳了。因为没有啥天赋，别人练了6年，18岁就拿世界冠军了）
   2010年第一届世界武博运动会（北京举办），舍甫琴科获得泰拳女子60公斤级冠军。
   2012年，舍甫琴科时隔两年再次在IFMA世界锦标赛上获得冠军。
   2013年第二届世界武博运动会， 舍甫琴科成功卫冕泰拳女子60公斤级冠军。
   2014年IFMA世界锦标赛，舍甫琴科收获自己在该项赛事上的第8个冠军。（
2006到2014，8年8个IFMA世界冠军
）
   2007年，舍甫琴科随教练帕维尔·费多托夫和姐姐前往秘鲁教授格斗，随后舍甫琴科入籍秘鲁，成为秘鲁公民。
【点评，俄罗斯优秀的拳手太多了，IFMA的冠军也太多了，不稀奇的。因此，她的教练，很聪明地让她拿到了第一个世界冠军之后，就转了国籍离开俄罗斯。让她成为了一个南美小国家的“国礼”，这样才更受尊重。将来很可能成为这个南美国家的一代宗师，“叶问”。也许这才是以后她每年都代表秘鲁参加世界锦标赛的原因吧？这个国家就靠她了。不断荣耀自己的国家，可惜是个小国）
  2010年和2013年，舍甫琴科连续两次获得世界武博运动会泰拳女子60公斤级冠军。
  2014年IFMA世界锦标赛，舍甫琴科收获自己在该项赛事上的第8个冠军。
   同年8月，舍甫琴科获得“昆仑决9·木兰传奇”女子60公斤级八人争霸赛冠军。【从记录上看，这时候拿了8个世界冠军的她，才是正式参加职业拳赛）
  2015年12月19日，舍甫琴科迎来职业生涯
终极格斗冠军赛
（UFC）首秀获胜，以分歧判定战胜莎拉·考夫曼。
  2018年12月，UFC 231，舍甫琴科击败乔安娜·耶德尔泽西克，加冕新任UFC女子蝇量级冠军。
 2021年9月，UFC 266，舍甫琴科在第四回合TKO对手劳伦·墨菲，完成第六次卫冕。
 2023年3月，UFC 285，舍甫琴科不敌亚历克莎·格拉索，失去冠军头衔。
 2024年9月14日，UFC 306，舍甫琴科在与亚历克莎·格拉索的三番战中获胜，重夺UFC女子蝇量级冠军。
2025年5月10日，UFC 315，瓦伦缇娜·舍甫琴科战胜曼农·菲奥罗，第八次卫冕冠军头衔。
 2025年11月16日，瓦伦缇娜·舍甫琴科战胜张伟丽，获得UFC322蝇量级冠军。（几天前结束的）
我们看了子弹姐的的经历，谁能不佩服一个拳手，为了荣誉，从5岁坚持到37岁？依然没有光荣隐退的想法！
同时，我们也感叹：我们的清一木兰们，实在是太幸运了。你们现在面对的世界冠军，几乎全都是这样从小以武术，以擂台为生命的人，是从小就热爱武术的人！一辈子献身给武术的人。
我们能够把一个资质平平，甚至是骨子里面并不热爱武术，不热爱擂台的学者文人，用一点技术，就送到世界冠军的位置上去，居然去击败这些从小就刻苦训练的世界级优秀拳手，不能不说是老祖宗留下来的宝贝多么的稀奇！看到这些世界级的优秀拳手被击败，我都有点不好意思。觉得对不起她们。
---但更多是自豪---我们中国人真是太聪明了，老祖宗太有智慧了。这些老外，练了几百年，都打不出我们两千年前就拥有的武道功夫！
同时也说明：生在中国，又是多么的幸运。在国外，你再爱武术，也只是一个拳手。只是一个运动员。
但在中国，如果你能打赢外国人，如果你能掌握中华武术，你就是中国人的民族英雄，会得到非常多的荣誉和利益！
而且我们是个大国---如果我们的拳手，能够成为14亿人眼中的国宝，这种商业价值不知道有多高。多少世界级品牌都要来捧你。但子弹姐在秘鲁---我相信她就算再努力，本国也没有啥品牌能够支撑她的。她将来就算是成为秘鲁的一代宗师，估计也没有多少好处。如果她文化修养上不够厉害，一辈子除了赚钱就没啥特别的文化地位了。
而在中国，成为武林高手，成为一代宗师的话，拥有这么美好的成功，成名的机会，甚至是发大财的机会，是全世界都不可能拥有的！如果现在初出茅庐的木兰们，居然会放弃这种机会去求一个打工证的话，我真不知道她的脑子里面进了多少水，才会抽抽才这样。如果她们相信了清黑的迷魂汤，连清黑的鬼话都相信，不知道这种人有多蠢。天堂有路你不去，地狱无门你偏来。
    7天之后，我们清一武道的几个立志要当世界冠军的木兰拳手，就要出发去西安，征战今年的全国自由搏击锦标赛了！这是木兰们第二次征战自由搏击，决心在自由搏击项目上，也打出自己的精彩！
等12月4日，刚刚打完西安的比赛木兰们，不会回泰国。而是直接就“转进”江城武汉，去参加今年的全国泰拳锦标赛，发挥我党我军连续作战的风格。马上就切换进入另外一种规则完全不同的格斗比赛。同时，这也是明年五月份在马来西亚举行的【IFMA世界泰拳锦标赛】的预选赛！
为了实现参加木兰们参加明年世界泰拳锦标赛的目标，原定我们还要派人去参加的“东亚泰拳锦标赛”。今年我们就不去了！因为举办的日期，正好和全国锦标赛重复，我们当然以国家为重，全体去武汉，在国家体管中心的领导面前，打出木兰的风采！肯定这是一次检验中国拳手含金量的重要赛事。
与2023年12月，我们首次参加全国锦标赛，没几个人参加的情况不一样。当年的ELLA还是“未成年人”，首次参加赛事，就击败了香港的优秀拳手，获得了冠军（51公斤的冠亚军争夺赛，ELLA是与明晓打，她在决赛就弃赛，拿了银牌）。Ella运气很不好，2023年是遇到了明晓弃赛失去冠军机会。2024年是判给了耿春蕾，再次失去夺取全国冠军机会（这场判决有争议）。今年她才有第三次参赛全国锦标赛的机会。
但今年，公主班有更多人参加本届成人赛事。因为公主们长大了，明年会更多的，小明慧明年就18岁了。原来的青少年冠军陆韵如和李想冠军，现在刚满18岁，现在是首次参加今年的成人泰拳赛事。也许公主班今年就有人被选入国家队，代表中国去征战世界锦标赛呢！
12月的全国泰拳赛，冠军班也派出了几个18岁的成年拳手参赛，虽然只练了一年，也想去历练一下。显然清一武道馆，比两年前阵容强大一些了！
2026 ，是清一武道批量冲击世界冠军的一年，我们已经不再是【一个人的武林】了。我们正在成林！
2026年，清一武道馆将派出共计接近70人的队伍，去参加全国泰拳和自由搏击锦标赛
。此后每一年都维持不低于此数量的拳手参赛。因此，从2026年开始，清一武道馆，将成为全国人数最多，也最强大的格斗队，顶峰时期2027-2028年，甚至可能超过百人战队。我们将是中国武术征战世界的最主要的格斗力量！
我们一起期待中华武术的崛起之日！
过去沉沦的中华武术人，不妨碍新人的崛起！"
3,专栏文章,张清一：新教育用【阴符经】取得重大教育突破,https://zhuanlan.zhihu.com/p/2038454377602621949,山长 <em>清一</em>,shan-chang-qing-yi,https://www.zhihu.com/people/shan-chang-qing-yi,,486,HIGH,骗子/圈钱/洗脑/割韭菜/套路,目标，当时就被很多家长认为我是骗子，我印了一万册书来白送家长，结,"今日三语冠军二班发布的视频，介绍了闭关3个月学习日语带来的学习效果：有超过10%的学生从零起步，达到了最高级的N1水平。其他大多数学生都达到了N2水平，最差的也通过了N3。这个成绩，是我国外国语大学，日语专业的学生，经过四年学习后，有不少人还无法通过的考试。但我们的学生，仅仅用3个月时间就实现了这种突破？
新教育的历史，就是在不断突破原有教育格局和方法限制的历史！
在2003年开启今日学堂之后。2005年我写了一本小册子，认为从5岁就开始学习外语的话，孩子10岁就能达到中国大学的入学英语水平（大概就是三千以上词汇量）。现在看是非常保守的要求，因为我自己的外语学到研究生都不能运用自如。因此把外语看得有点神圣！
但即使如此保守的目标，当时就被很多家长认为我是骗子，我印了一万册书来白送家长，结果是自取其辱！证明这个社会更习惯抱残守缺，认为西方传来的“正规教学规范”，才是最先进的。王忘记了老祖宗的智慧。
实际上：我们后来自己办学验证的结果，就是学了五年的小学生，英语听说读写能力，远远超过中国的大学生，证明实现这一目标，完全没有问题！因为中国大学生的英语水平实在是不高。
后期：我们提高了目标，不再跟中国人比了，直接跟美国人比母语教育去。后来更新后提出的教育方式，是三年学完美国12年课程，四年达到优等生程度！而且我们把整个教学过程放到网络上，在B站设置了今日三语学校的示范班账号，把每天，每周，每年的教学过程，公众的监督下运行。结果四年后，完美实现了规划。【就这么公开了，居然还有人黑我们的成果，有人不相信我们的成绩】。
示范班的学生，三年就学完12年的全部美国课程，第四年，15岁就去参加美国正常是18岁学生的高考。50%的学生达到了top1%的优等生成绩（SAT1500分以上，最高分1580分）。90%的学生达到了top7%的优等生成绩！这个班，就是现在的冠军一班。目前正在准备打全国格斗锦标赛冠军，成为文武双全的人才，他们是新教育的榜样班级。
最新的冠军2班，去年实现了更高的突破：70%的学生实现了top1%的学业成绩。
今年一月份，我尝试把古人的智慧，用于教学中。我打算实行“闭关教学法”，看看效果如何？因为原来我用这个方法，让小女在半年内就良好掌握了号称世界最难的汉语（之前小女3岁就在全英文环境中成长，导致汉语能力没有发展）。取得了非常良好的效果，后期小女的汉语能力，在公主班也算比较强的。因此，我认为如果整个班级一起来尝试这种“绝利一源”的专注，静心，无干扰的学习方式，会比传统的方式更加有效！
由于今日学堂长期积累的信誉，家长们很信任我们的奇怪安排。因此从今年1月份开始，我们启动了【闭关学习一门新语言】的教学实验。结果比我们原来预期的效果更好。
这个闭关试验结束后，学生们和小指导们，自己制作的视频，充分体现了我们创新尝试的结果！
戒·定·慧——冠军二班闭关营·纪实
不过，很少有人知道：这种创新，其实来自于古老的【黄帝阴符经】：
“瞽者善听，聋者善视。绝利一源，用师十倍；三反昼夜，用师万倍。”
意思就是：盲人因为不去看，听力比普通人敏锐得多。耳朵不好的人，反而眼睛特别善于观察。这就说明了：我们接触的信息源越多，我们想要学的技能越多，我们的能力就越平庸。
世人都因为追逐太多，欲望太大，而导致人生的平庸和失败，沦为普通人。如果能够集中所有的生命资源，定期定时，用于攻克专一的方向，就能实现比正常效果提高10倍的结果！
事实上也证明了【专注的价值】的确无可思议。
今日三语学校，用三个月实现了外国语大学四年的教学目标，相当于用16分之一的时间，完成了学完了一门大学专业的任务。就算抛掉大学的几个假期不算，也有10倍的学习效率。充分说明白了专注的效果！
至于【三反昼夜，用师万倍】是啥意思？
我看网上都在胡说八道。毕竟一群书呆子，肯定不会做事，当然理解不了！只会盲目乱猜测。
我认为：【阴符经】的意思---就是在拥有专注的前提情况下，还能不断进行颠覆自己，阴阳变化，相反相成，成功的效率，就能提高一万倍了。
古人是不是夸张了？其实是真的！
用在军事上的案例，就是毛主席用【四渡赤水】的方式，连续阴阳倒转，调动国民党的大军，从而产生了比自己的军力更强的战斗力。
在金融上的案例，可以理解为：如果投资者，具有自己的核心投资逻辑（专注集中的投资思维）---（这种逻辑，无论是索罗斯的反身理论，羊群战术，还是巴菲特的价值投资）。就能实现10倍的超额收益。如果还能不断变化，根据趋势，在买方和卖方之间不断倒转身份（三反昼夜），就能产生远远超过正常的万倍收益！
这就是老子的【反者道之动】。金融之道也一样。
从1991入市到现在，我的金融资产，增加值已经超过万倍收益。证明古人的说法不虚！
用在学习和教育上的案例，一般人更无法理解了：比较西方按部就班，什么都教的“豪华自助餐”模式，其实就是中国最忌讳的学习模式---杂乱的教育。
老子说：多的惑少则得
我认为：如果一个教育系统，能够集中焦点，教学某个特长优势学科，再把“把不同的，甚至学科要求几乎相反的教育项目，都能融合在一起，把学生培养成跨学科的融合性人才，就能实现比一般人强一万倍的结果，成为万选之一的优等人才”。
比如今日新教育正在做的事情：
培养文武合一，中西合一，古今合一的人才，一旦真的培养出来，就肯定比普通人高明一万倍！
实际上，用“绝利一源”，专注学习的效果，我们已经实现了百倍的效果：把学生培养成了1%的优等人才。
如果用三返昼夜，跨学科阴阳变转的模式，让学生成为文武合一的综合人才，培养成国礼，肯定就是万选之一的优等人才了！
当然，要实现这个目标，必须学生具有良好的家庭价值观背景，学生素质上，具有专注而且灵活转变的头脑，有些死脑子的学生，只能学习单一的课程和专业。只有悟性高的学生，才能学会跨学科的综合人才，成为所谓的六边形战士！
我们的清一武道馆，可以用阴阳变转，文武合一的综合方式，才能实现从民国以来中华武术就没有实现过的目标：击败现代格斗！核心就是专注加上阴阳变化的结果！这是14亿人一百多年来都没有产生的结果，原因不是我们的武术人才不是专业，其实我遇到很多非常专业的人才，虽然武功出众，但无法用于擂台。因为这些人，都不知道“阴阳变转”，不知道“练打合一”。不知道【古今合一】。无法把古代的智慧和现代格斗结合在一起。也不知道“中西跨越”，更不知道【文武合一】，文化水平高的人，也很少来从事体育和武术专业。条块分割的结果，才导致中华武术的精髓雪藏百年，现在才开始冒出一线光明来！
新教育能够实现中华武术百年来未有的突破，不就是【用师万倍】的结果吗？
希望家长们懂得珍惜这种来之不易的古代“绝学”。让自己的孩子懂得专注的价值，而不要受西方文化的影响，什么都想要，什么都不放弃，吃喝玩乐样样精通。最终只能造就一个浮躁浅薄，失败和平庸的人生！"
4,专栏文章,"从
清一武道馆
到世运会冠军：我最感恩的那位贵人",https://zhuanlan.zhihu.com/p/1950497962649187872,明晓-文人格斗,ming-xiao-99-62,https://www.zhihu.com/people/ming-xiao-99-62,,453,MEDIUM,假武术/无实战能力/花架子,外宣传的诺言，证明了师父并没有吹牛。本来上次世锦赛我非常期待能够,"自从世运会结束后，我一直忙于各种事务，迟迟没有动笔写这篇总结。然而，这份记录对我意义重大：一方面，希望通过我的经历与体会，能够给予他人一些启发与帮助；另一方面，也希望未来的某一天，当我回望这段旅程时，能从中汲取新的力量。
世运会获奖的瞬间
2025年8月10日，当我站在世运会的冠军领奖台上时，那一刻除了开心自豪以外，心中是满满的感恩，感恩师父师娘、我的父母、我的伙伴们，以及所有支持我的清粉们。没有老师伙伴平台的引领与托举，就没有我的今天。想到这一路走来的过程，我的心绪回到了刚进武道馆的时间。
一、与武道结缘
师父与我打拳击
六年前，2019年7月，我的师父（清一山长）创立清一武道馆，我是武道馆招收的第一批学生。当时突然脑子发热想加入武道馆其实是被明洁打百人组手战时的气质吸引的，觉得她的样子就是我想成为的，她站在台上就是一个武者，在台下她又是一个文质彬彬思维清晰的人。当时师娘也上了一个以武入道的课程，这堂课我的收获也非常大，帮助我认定了学武是一个非常好的修行方式，我希望能够通过练武改变自己的个性，从而达到以武入道的境界。
后面立下要打世界冠军的目标是在进入武道馆之后，师父告诉我们说这些外家拳其实并不难打，播放了拳击女子世界冠军蔡宗菊的视频，并一点点的跟我们讲解我们要怎么打败她。我记得当时师父示范的是开合拳，并让我们每天跳10公里的开合拳。从那时起，我心中就有了一个世界冠军的梦想。
不过我当时在武道馆算是最弱的一个，比较小和轻，所以每次大循环不到1分钟就会直接被摔倒三次，排名也是最后一名。但是我非常感谢师父并没有放弃我，师父从来不会因为我们练的不好或者没有天赋就不教我们了，相反师父一直强调的是我们的心和态度，只要我是认真练武，真心想要捍卫和传承中国传统武术，那么就是可以留下来训练的。
二、师父对待武道的态度和方式
师父是一个非常热爱武道的人，他创办武道馆从来不是为了名和利。武道馆对师父来说始终是一个赔钱的事业，师父一直免费资助大家训练，花钱给大家找训练场地，花钱给我们找比赛的机会。而师父创办武道馆的原因是：徐晓东在2017年的时候把一堆太极大师打了，师父原本以为徐晓东肯定会被打惨，因为师父知道传武是能够实战的，但是过了两年之后居然没有人出来收拾徐晓东，反而是越来越多的传武人士被打。当时师父就发现，似乎如果他不做传武那么就没有人能做了。师父也问了他的老师，如果他不做传武是不是传武就会消失？师父的老师说不会消失，但是会传到日本，而师父实在是不甘心未来的人想学传统武术要去日本才行，所以就决定做这件事情。当时师父跟我们讲完之后，我们也觉得一定不能让传统武术在中国失传。
三、师父对我们的指导
师父每次都会毫无保留的指导我们，非常的无私，不会像一些很保守的武功大师只把功夫传给自己的孩子。平时师父定期都会指导我们练功，每隔一段时间都会根据我们练习的情况进行调整和升级。每次比赛之前和比赛之后都会给我们细心的指导，在重大赛事之前会分析对手的视频，告诉我们怎样让对方的长处发挥不出来，而让我们发挥出最大的优势。在赛后会帮我们复盘比赛，一起总结做的好的和不好的地方，以及下次应该怎么做。师父每次的指导对我的帮助都非常的大，让我们不至于练偏，并且能够不断地进步。
师父在我们测评的时候来指导练功
还有就是心态上的指导，我认为师父给我们武道馆最重要的指导就是帮助我们树立冠军之心。
师父经常会给我们做目标的梳理，以及信念系统的检查。这个对我的帮助非常大，没有师父帮我梳理的冠军信念我不可能走到今天，师父一直用《与神对话》里的内容来跟我们说：“人这一生就是要来创造一个伟大的游戏。宇宙就是一台巨大的复印机，它会把你的真实身份给你，你的每个念头、话语和行动都是有创造力的，就像磁铁一样吸引相同的能量一点点的累积，当我每天都向宇宙发送我是世界冠军的时候，并且我按照冠军的方式去思考和做事，那么我就能够成为冠军。”
师父师娘晚上和我们坐在泳池旁边聊天
而且我们为什么要当冠军也非常重要，如果我当冠军是为了证明自己或者为了名和利，那么我们就不太可能会成功，因为当一个人很自私的为了自己的时候就不太可能会有助缘，但如果这个目标是为了一个更伟大的目标，比如我们当冠军一是为了捍卫传武，证明传武是能够实战的。第二我们是通过吃素和示范简朴的生活方式来改变和拯救世界，人类如果再持续的吃肉和消耗地球资源的话就会面临自我毁灭。因此如果我们能够成为冠军，别人就会想要关注我们的生活方式，我们就能够改变世界。
当遇到挫折的时候，师父和师娘教给我们的信念一直都是你行的，你可以的，因为我们的技术是完全超越外家拳的。即使我在世锦赛上输掉了比赛，或者即使是我有的时候没有ko对手，打满五局被判负了，师父说的是你下次要怎么做，并且相信我们就是世界冠军。
因为师父对我的信心，我也增加了对自己的信心。
每当我认为自己不行的时候，都是师父告诉我可以做到。即使师父骂我，说我们打的不如公主班，再打不出来就退役的时候，他也是以此来激励我们。这些批评的言语最后的目的都是为了让我们成长，这也让我感到非常感恩和难得。
四、世运会期间的准备和比赛
首先，非常感谢谭琛怡陪我在成都集训，这段时间谭琛怡付出了很多，每天都在帮我拿靶和陪练。即使有的时候她很累，有时我想在周末的时候加练，谭琛怡都会不辞辛苦的过来陪我，这些举动让我非常的暖心。在世运会期间，谭琛怡不能进入世运村，但是她依然在世运村附近的酒店住着，她每次都会在我打比赛或者热身之前陪我。而当我拿下冠军的那一刻，谭琛怡是真心的为我感到开心，这也让我感到非常感动和开心，似乎我们武道馆一直以来并肩作战想要实现的目标在那一刻实现了。
谭琛怡与我在成都体院一起训练
我更加感谢师父和师娘在世运会期间的指导，当时我本来生病了，在打第二场比赛之前的时候还是比较想吐，找了赛场的医疗组都没有用，直到我快要上场的时候师娘给我打了一个电话，在电话里用几句话就帮我把问题解决了。并且我在第二场的时候打的非常好，就是因为赛前师娘的能量加持。
师父在打世运会的这几天每天也都在网上指点我，尤其是决赛的前一晚，师父让我先去睡，他明天一早给我发战略。没想到那一晚我和师父都没有睡着，师父一晚上都在帮我想对战策略。这份恩情确实太重了。
最后，拿到世界冠军最令我开心的是能够兑现5年前师父对外宣传的诺言，证明了师父并没有吹牛。本来上次世锦赛我非常期待能够兑现师父的诺言，但是并没有成功，不过这次世运会我抓住了机会，并且做到了。我认为我证明了传统武术依然可以在现代擂台上实战，这个梦想是武道馆的伙伴们和我共同一起实现的，我相信未来我们会有越来越多的世界冠军，也会有更多的人加入一起去追求这个目标。
不过，师父之前一直说拿到世界冠军之后就要去学习更高级的内家拳了，而不是再去打普通的比赛了。所以接下来师父会安排我跟随贾老师学习，继续追求提升内家拳的水平。"
5,专栏文章,张清一：给国家体育总局武术管理中心的一封信,https://zhuanlan.zhihu.com/p/1931446590079469359,山长 <em>清一</em>,shan-chang-qing-yi,https://www.zhihu.com/people/shan-chang-qing-yi,,526,HIGH,假武术/无实战能力/花架子、骗子/圈钱/洗脑/割韭菜/套路,贬低中华武术，贬低太极拳，一些假大师纷纷曝光，导致全国上下，纷纷认 | 致全国上下，纷纷认为中华传武是骗子。大众对中国武术也失去了信心！ | 一定比传武先进。  但练传武的套路，也的确解决不了传武的实战问题,"2025年7月27日至8月1日，是全国泰拳青少年锦标赛和巴林亚青会的预选赛时间。 清一武道馆派出了总共16人的战队前往参赛。在核心队员都已经超龄（超过18岁）的情况下，我们本次赛事依然取得了不错的成绩，结果如下！三金  六银  六铜
2025年10月，我们还将派出40名的队员（冠军班和公主班全员），参加全国自由搏击锦标赛，以及全国泰拳成人锦标赛。也有可能会派人参加东亚锦标赛。我们认为今年应该会取得比2025年更多的奖牌和荣誉。
2024年我们已经“制造”出来了15位全国格斗冠军。今年还将有更多的拳手，有机会拿到全国冠军的称号！
目前我们的格斗队伍，培养梯队层次分明，明年，2026年10月，会有超过70名拳手参加全国格斗锦标赛。但最强战队，将在四年后，公主突破班的学生考上冠军班以后才出来比赛。这批孩子，从11岁就开始针对性的练武术基本功，将来会比现在的公主班强悍得多。能够取得更好的全国赛事成绩。
    四年后，清一武道馆参与全国赛事的格斗队员，每年都会超过一百名（请注意---现在每年参与全国格斗赛事的拳手，也就两三百名）。显然，我们将成为代表中国格斗最大的一支队伍，对外作战的主力战队。因为清一武道馆诞生的目标，就是击败世界各国的冠军拳手，为国争光，不是在国内争名夺利。
     目前，清一战队已经是全国格斗锦标赛事的第一队伍。每次参与赛事的队员最多，每次拿到的奖牌总数也最多，这只突然出现在国内赛场上的格斗队伍，也引起了一些老牌武行人士的关注，也有一些不太好的猜忌和不符合事实的传言。
    为了让相关方面了解我们的情况，本次赛事前，我写了一封说明信，给国家体总武管中心的领导，说明和介绍了我们的情况。在赛事第一天，就交给了国家体育总局的领导们，裁判们。
     现在赛事已经打完了，我就把这封信公布出来，让各位了解相关的情况。
国家体总武管中心的领导：
您好！
 真的不好意思，我们的队员自从去年参加比赛以来，已经引起了圈内专业人士的一些关注和议论。也有人多有不解！ 一些人凭猜测，会胡乱想象我们的突然出现，会有很多想象的故事，也许会影响到武管中心的领导对我们的判断。
 因此我想借本次我们队员参与选拔赛的机会，说明和介绍一些基本的情况，免至误解。我想从5个方面汇报一下清一武道馆的实际情况，希望领导们增进对我们的了解：
清一武道馆拳手的来源；
清一武道馆格斗目标和职业选择；
清一武道馆的资金来源；
清一武道馆拳手吃素的问题；
清一武道馆对传武传承问题的探索。
我是张清一，原来是武汉大学的哲学课教师，现已退休多年，长居清迈养老！全家人都在清迈居住和生活。
我是太极拳和传武的业余爱好者。1980年我上武汉大学之后，才开始接触一点传武作为业余爱好练习。我认为传武很有魅力，也很有潜力。但我也没有时间专业练习，所以一直是个门外汉，缺乏专业的武术学习和从业的背景。
2017年徐晓东出来贬低中华武术，贬低太极拳，一些假大师纷纷曝光，导致全国上下，纷纷认为中华传武是骗子。大众对中国武术也失去了信心！传武的光辉形象，就只能在小说，电影，电视剧里面去表现了，我认为这是一件非常遗憾的事情！
我认为：传武式微，与传武长期脱离实战训练有关，并不是传武就不行了现代格斗就一定比传武先进。
 但练传武的套路，也的确解决不了传武的实战问题。可能练了多年套路，还打不赢一个练现代格斗只有一两年的新手！因为脱离了实战格斗背景的套路，也就是体操罢了！只有把传武的格斗思维+格斗哲学+训练模式+和传武的招式动作互相结合，还要研究现代格斗的规则，并针对训练，参与与现代格斗的实战，才能呈现传武的原始风貌！
 只要让传武补上实战这一课，中国传武是能够在世界武术界拥有一席地位，甚至是较高地位的。
由于种种原因，多年来，国内的传武人士，一直没有人出来做这个工作。我很期待，也很失望。
如果没人做的话，我这门外汉，就摸索着从头开始，做一些尝试性质的工作！
因此，我在2019年开了一个清一武道馆。试图用传武的训练方式，以及不同于现代格斗的对战思维和逻辑，再加上与号称站立格斗最凶猛的泰拳职业拳手，去做真实的对抗比赛。在无数次的实战中，去提高传武的拳手对于格斗和武术的认识。
目前来看，这个尝试是成功的，
首批队员七名，均来自于一所私立国际学校的学生！过去完全没有武术格斗训练的基础，从零开始训练！
我们在泰国北部，已经打出了很好的名声。提起我们清迈的武馆（SAMURAI MULAN)，泰国的泰拳界都认为是一只强队，到现在，两
三年时间内，我们已经打了四百多场职业赛事，KO了一百多场泰拳各国拳手！
 2024年1月，我们的首批队员，首次回国参加
2023年的全国泰拳锦标赛，取得了3块金牌，
首开记录！
2024年12月底的时候，我们的队员已经取得了16块全国锦标赛金牌，3块东亚锦标赛金牌！
并帮助中国队在东亚锦标赛上，夺走了东道主香港队的四块金牌，取得了中国队历年参赛的最好成绩。而东亚强队香港队，2023年取得了10块东亚锦标赛金牌。但2024年我们参赛后，就只拿到五块金牌了！2024年香港队来内地参加全国泰拳锦标赛，居然金牌数为零。
说明香港队的地位，已经受到了中国拳手的强烈挑战。其中香港队两名男队员的金牌，就是被我们清一武道馆培养的男拳手拿到了手。其中一名还是我们刚训练不久的新拳手，就击败了香港队连续两届的全港冠军，以上两届东亚锦标赛的冠军和亚军对手最终夺冠！
2024年，我们也为中国的国家格斗队输送了3名队员。分别参加土耳其的世界锦标赛和成都的世界运动会！
 2025年，我们会有更多的拳手参与武术管理中心举办的全国锦标赛，
今年下半年的参赛人数，大概会有40-50人，
有望会取得比2024年更好的成绩！
 由于我们是一只全新的格斗队伍，我们从教练到队员，与国内的武术专业团体，都没有啥关联关系。因此我们这只格斗队的突然出现，引起了一些专业人士的关注，和议论，也有一些不合实际的猜测！
 所以我希望借此机会，介绍一下我们的来源，以及说明一下我们的想法和打算！
第一：清一武道馆拳手来源。
我们的拳手目前全部都是业余的武术爱好者。将来也并不准备从事国内的武术和体育职业的工作、我们目前的目标，只是回国参与锦标赛，没有其他的职业打算。
我们绝大多数队员，都是未成年人，她们中的大多数人，将在18岁以后，就离开擂台，去海外上大学了。因为他们都是一所国际学校的学生，只是业余来练武强身健体，也为孩子们申请大学做一些业余爱好的补充活动！
第二：清一武道馆格斗目标和职业选择。
我们倡导的理念，是提倡【文人格斗】，培养文武合一的业余武者。
有点像奥运队员一样，提倡业余体育活动，而不是靠武术作为职业，来谋取饭碗的体育人。
我们的拳手，基本上都是学霸，都能掌握熟练的三语能力，可以轻松考入顶尖的国际名校，将来去读书上大学，对他们来是才是正业！
我认为：中国武术格斗，想要职业化生存的难度会很高。由于中国不像泰国这样有职业格斗的生存环境，中国拳手想要靠打拳来维持生计，基本上是不太可能的。
只能靠国家养（拳跆中心模式），或者民间爱心人士来投资养拳手（我馆模式）。想要靠格斗和武术市场来生存，是很不现实的。这也是国内很难培养出优秀拳手的原因，因为格斗队员的后顾之忧无法解决，也导致了大多数拳手无法专心练武，取得优异成绩！
 我们的队员，无意走这条职业体育饭碗的路！大多数只是作为业余爱好玩一下格斗，没有终身从事格斗行业的想法。
 基于这种认识，我们训练的拳手来源，就不是国内的武术学校一样，主要是一些年轻时候读书读不上去，考大学无望的学生，就只能靠练武，去谋取一条另类生活出路的年轻人。
相反，
我要求我们的拳手，必须是15岁考完美国高考，达到top5%优等成绩的学生，才能来泰国清迈，在我开设的武馆进行正规的格斗训练。
在三年后，这些学生，就可以去打全国格斗锦标赛了。在取得成绩后，18岁这些学生就都去上海外的top100大学，成为文武双全的人才，为国家服务！
 大约培养三年后，
会有一两个有格斗天赋的学生，
家庭也愿意和支持的话，
才可以留下来多练三五年！
目标就是参加世界格斗锦标赛，
为国争光！
最终这些人的出路，可能是留下来当教练。但显然国内的武术界市场并无太多需要，因此其他人，都需要去读大学，自己就业！
第三：清一武道馆的资金来源。
来清迈参加训练格斗的拳手，都是拿奖学金的优等学生。由于我们也没有谋取职业道路的打算，因此也没有往商业赛事上靠。而是更像是一个学校一样，只关心如何培养出学生（拳手）来，不关心是否盈利。
目前，我们的武道馆运行和培养的资金，均来自与家长的捐赠。不足部分，主要是我个人来全额承担的！
所有的费用，全都是我们的自有资金，没有任何国外势力的加入。
对于我个人是否有能力养活上百人武馆的问题，我需要说明一下：我是一个很幸运的人，从34年前（1991年）就开始炒股，我是中国股票市场的常胜将军！目前已经是三家上市公司的十大股东，每年的分红就有上千万元。
我个人也没有其他的不良爱好，因此没有啥花钱的地方。目前我靠股市的分红，就能维持上百人的训练生活和比赛安排。因此我们的武道馆的活动，根本就不需要其他国外势力的资金支持。所有的开支，全都是我们的自有资金。如果实在有不够的部分，我还可以找家长们去化缘来解决！
第四：清一武道馆拳手吃素的问题
 在我们的队员，参加国家队集训的时候，清一武道馆的拳手均以素食为食，应该也引起了一些人的猜测。传统的武术运动员，都认为肉食才是力量的源泉。
但我们的研究，就是世界范围的研究，也已经证明了肉食的局限很大。
首先是肉食的激素问题很严重，对运动员的体质会有不良影响，甚至对兴奋剂的检测都有问题！
 就是肉食的消化周期很长，非常影响运动员的身体机能恢复。
 肉食者的耐力要更差。对于格斗队员来说，这是非常关键点取胜因素！国内的拳手，往往第一局很猛，但第二局，第三局就出现快速的体能衰竭现象，技战术此时很难发挥出来。
因此，为了取得更好的胜率，清一武道馆采用了素食，谷食为主的方式。
六年来看，我们的拳手体能良好，打满五局完全没有问题！
缺点就是我们没有重量级的拳手，因为素食的体重往往偏轻。
4 另外，相比肉食者来说，赛前降重我们的拳手空间就比较小，往往只能打和自己真实体重差不多的量级，短期大幅降重，对我们拳手的身体损害会更严重！
总之，我们的饮食方式，与宗教信仰完全没有关系，我们没有人去信任何教派。
学生不训练，不打比赛之后，她们回家想吃什么，都是自由的！将来去上大学想吃啥都是自由的！
第五：清一武道馆对传武传承问题的探索。
总有极少数学生，是真的热爱武术的人，想要获得更长期的训练，达到顶尖格斗手的水平。
比如用10-20年的周期来培养人才。毕竟太极十年不出门，如果没有10年以上的长期训练，我们是培养不出来真正能够为国争光，为中国去夺取世界冠军的顶尖人才的！只参加国内的锦标赛，其实难度并不大，还不如泰国的职业拳赛。但想要去参加世界锦标赛，我们的拳手只培养三年就是肯定不够了！ 
因此，我们也有计划，给一些明显有特别天赋，也有愿望好好发展武术格斗的年轻人，留下来长期训练。这种人，在取得全国冠军以上资格后，家长支持，个人也强烈热爱，加上良好的武术悟性，才有机会留下来长期训练。
我们可以给这些留下来长期训练拳手提供良好的生活和发展的条件，供养起来专心训练，并解决这些人的后顾之忧（每月发给工资，解决职业退路，解决谋生问题）。
目前达到这个级别的拳手，我们这里有五六个！未来可能会有七八个人。
这些拳手，都是武术格斗的深度爱好者，我们希望这些人，将来作为传武的资深人员，可以为传武的发展做出一些贡献！
如果中国将来，需要他们去击败外国拳手，去为国争光的话，我们非常愿意为国效劳，尽力派出符合国家需要的格斗拳手，争取为中国成为格斗强国而努力。
 当然，如果中国不需要他们去出战的话，我们就会在国外，自己玩自己的武术研究，自己去参加国外的各种职业比赛，一定不给领导增添麻烦的。
我们的拳手热爱传武，也是非常爱国的。在国外生活，比赛，训练，我们都珍惜我们的中国人身份和荣誉，请领导放心！
 
 谢谢您的关心
 张清一
2025年7月25日，于泰国。
明晓谭木兰首次上中央电视台：（国家泰拳队集训采访）
谭木兰明晓在成都：国家泰拳队训练场
明晓接受中央电视台的采访"
6,评论区(主评),张清一：给国家体育总局武术管理中心的一封信,https://zhuanlan.zhihu.com/p/1931446590079469359,易轩,liu-yuan-68-60-72-33,https://www.zhihu.com/people/liu-yuan-68-60-72-33,2025-08-04 05:32:04,0,HIGH,骗子/圈钱/洗脑/割韭菜/套路,冬出来谩骂中华武术，说太极拳是骗子。但叫嚣两年之久，传武界却没有 | 导致全国上下都认为中华传武就是骗子，对其失去信心。险些让中国太极,"2017年，徐晓冬出来谩骂中华武术，说太极拳是骗子。但叫嚣两年之久，传武界却没有人来收拾他，这导致全国上下都认为中华传武就是骗子，对其失去信心。险些让中国太极和传武数百年的声誉，就此毁于一旦！
如果中华武术的光辉形象、一代宗师的骨气和志气，之后只能在小说、电影、电视剧中表现出来，现实中却做不到，那真的是非常遗憾的事情！
山长虽然是文人出身，不是专业练武的人，但选择承担起这份责任，想传承中华武术，击败世界拳击的职业饭碗，颠覆了格斗世界的专业技术，呈现传武的原始风貌！
这些年来，这个规划正在一步步落地，创造了一个个奇迹，为国争光！
而且山长不想独享【中华武林一代宗师】这个巨大的名誉，他自己出钱出力，从头培养【从零到一】的弟子，帮助他们一点点打好基础，拿到世界冠军的荣耀。然后让这些弟子们去拜现在已经后继无人的真有价值，真有本事，也有德行的传武老拳师们，成为他们的弟子，把他们的宗门传下去！
感恩山长不计较个人得失，不在乎武林门派之争，不断经营和建设，为国争光，可以把中华武术武术这盏灯传下去，让这一灯传千灯，影响到更多人！[红心]"
7,评论区(主评),"拆解“
清一武道馆
”的冠军神话：一套精算的叙事闭环，是如何精准收割的？",https://zhuanlan.zhihu.com/p/2032868010046830170,卡尔不能忍,qia-er-bu-neng-ren,https://www.zhihu.com/people/qia-er-bu-neng-ren,2026-04-30 05:20:55,0,MEDIUM,骗子/圈钱/洗脑/割韭菜/套路,这还用揭穿，[感谢] 明显的骗人的鬼，世上哪有几个练太极拳能打,"这还用揭穿，[感谢]
明显的骗人的鬼，世上哪有几个练太极拳能打人的，还一批一批教出来，还是在搏击规则擂台上，把李小龙的风头都抢了阿，哈哈。
[捂嘴]"
8,专栏文章,张清一：国礼 就是把自己作为一个礼物送给自己热爱的国家,https://zhuanlan.zhihu.com/p/1947574406021878734,山长 <em>清一</em>,shan-chang-qing-yi,https://www.zhihu.com/people/shan-chang-qing-yi,,426,HIGH,假武术/无实战能力/花架子、骗子/圈钱/洗脑/割韭菜/套路,采访中，李连杰说武术就是表演，不能打的时候，观众很受打击。他们向往 | “武术是否如魔术表演一样，都是骗人的？”。 李连杰作为一个终身献,"上个月在网上，看到12岁少年在公开场合追问李连杰“武术是否如魔术表演一样，都是骗人的？”。
李连杰作为一个终身献给武术的人，看到我们热爱的中华武术，在下一代眼里居然成了这样，会不会特别的痛心？难过？
当年的李连杰，以【少林寺】爆火。以他漂亮的武术动作，为中华武术赢得了声誉。因此长期以来，他是中华武术的形象代表！可以说，他就是国礼！只是很多人都在猜想：李连杰到底有没有真功夫？离开电影他会不会打？
记得一次采访中，李连杰说武术就是表演，不能打的时候，观众很受打击。他们向往的中华武术，原来只是体操！    
看到这个镜头，我非常的触动。我能感受到李连杰的无奈和痛心！ 
但我们可以积极一点去想想：如果李连杰，同时拥有格斗的世界冠军身份，去扮演这种角色。他会不会自豪地告诉小朋友：不 ，中国武术是全世界最厉害的武术。我们可以用中华武术击败全世界的格斗手，获取世界冠军。我们的武术，又好看，又好用！
这样的超级李连杰，不仅仅会武术表演，还会真正的格斗，还会多国语言，还文武双全。
他会不会成为全中国，甚至世界级的超级大网红？为中国武术迎来最大的荣誉？
这就是我要送给中国的“国礼”，一份为往圣继绝学的大礼！
我相信：每一个热爱祖国的中国人，都在期待这份大礼。每一个中国的领导，都会期待这份宝贵的礼物，这就是我毕生努力的对象！
当你无私无欲的去努力实现这个目标的时候，你就慢慢达成了自己的人生目标。当你满足了这个国家对你期待的时候，你就成为了这个国家最宝贵的礼物！当然，你送出的礼物，也会得到回报，我们的国家，也一定会慷慨的回报你，你一生注定像李连杰一样，不仅仅荣誉加身，而且财富也丰足有余。这是宇宙给你的回报！
    对于“我要模式”的人来说，求取之心，就是想要得到一切美好的东西。比如有人成为这个国家让人敬仰的对象！就会拼命的往上爬，也努力的上进。这些人就是精致利己主义者，特想会算计，特别会捞便宜。有一些人最终也会好运气，取得高位！但绝大多数心机婊们，都会在爬山的过程中不小心就滚下来，成为人生的失败者。
    因为这种求取之心，贪欲之心，违背了宇宙的法则，很容易引来反噬，让自己声名俱毁。很多贪官，就是这样失败的！所以，我以为是算计自私和刻薄，是最不划算的成功方式。
真正有效的模式，就是“我付出”的模式。
去满足别人最大的愿望，然后也就顺便实现了自己最大的理想，得到了最大的尊重！
    我如果想要当冠军，不是去想自己取得冠军后的各种荣誉和好处以及享受，而是我想为这个国家和民族取得冠军，代表中华武术去击败现代格斗！这样以把自己送给中华武术的心态去努力，最终自己就会成为这个国家最尊贵的“国礼”。
     最近，刘晓慧表示想要去读大学，我们对她的建议就是:
第一：明确自己读大学的目的！明白读大学要实现自己的什么样的人生目标？而不是跟随他人盲动。
第二：读大学，最好有一个原则，就是你为谁而读。
如果你为了国家的需要而读，你就是国礼的预备军。你为了家庭的需要而读，你就是家礼。你为了个人的欲望而读---自然你就是一个自私的人！因此最好找一个引路人。
我们建议她：不妨去问问关心她的国家武术界的最高领导：让领导来安排她的职业之路，如果要读大学，最好让领导来安排指导。因为拿到世界冠军，很多大学的门，都是为她打开的！想上大学很简单，很容易。但自己去选择，不如请高人帮自己策划！
我把这个原则也教给了冠军班和公主班的学生，让她们写一封给领导的信。获得领导的支持，这样来安排自己的人生道路！无我，才能成就最大的我。
于是，就有了下面这封ELLA的信，大家参考一下！我认为：这种思维方式和做事的方式，适合用在你的任何人生重大决策方向中。让比你聪明的人来帮助你做出决定。不就是比你用自己的破脑子来胡乱安排更靠谱吗？
转发ELLA信件：
    致国家体育总局物武管中心的
××
领导：
##领导您好！
    冒昧给您写这封信。因为我看到了下面这张您和我的师姐刘晓慧的合影，非常的感动和尊重您。 
    我的老师看到这张照片后，就批评师姐刘晓慧很不懂事，跟领导在一起合影，怎么能自己跑去C位站着？后来师姐解释说，是您坚持让她站C位的。您是拿过38个全国和世界冠军，还是武术全能冠军。她只是一个年轻的冠军，还远远赶不上您年轻时候的成就。其他冠军也没有这个荣誉，为何您把这份至高的荣誉，专门给了我的师姐呢？
    我理解不仅仅因为师姐刘晓慧是中国第一个泰拳女子世界冠军，打破了我们国家过去的历史记录。同时还因为她是用中国功夫去击败泰拳的。
    我理解在您的心中，
中华传武才是永远的中心，弘扬传武才是您最高的理想。
多年来，您一直在全国，全世界，去推举传武的年轻一代走向世界，去为国争光。您的工作一直是弘扬中华传武。从这个照片上，您不经意的一个小小的行为，我看懂了您的宏伟心愿，看到了您体现出来的无我，无私的境界。您自己是中国武术界的巨人，但您一直以您的肩膀，来推举热爱中华传武的年轻人站上去，走向更高的巅峰。让她们有机会走向更广阔的世界。
    我看到几十年来，您一直在做这样的事情，为中华传武奉献您的一生，让我非常的感动。所以特别想写信给您，表达我对您的敬意。
    我是冯月茹，今年19岁。世界冠军师姐刘晓慧是我的师姐，我和师姐在8年前就见过您。2017年我11岁，师姐12岁。我们都参加了第六届厦门国际武术比赛。您当时是宣布开赛的领导。我们只是刚接触传统武术一年的小孩， 我参加了三个项目的比赛，取得了一金一银一铜的成绩。当然我明白这更多是主办方对我们这些练传武小孩的特别鼓励，并不是证明我们有多好的功夫。但这一天，也确实是我对传统武术热爱的开始。
第一排左3，4，是师姐刘晓慧和我
 下面照片是现在的我：
在泰国拳场打职业拳赛，首战ko了泰国拳手
     师姐刘晓慧比我早一年开始在清一武道馆正式练习传武格斗技术。这是一家专门研究用中华传武技术来击败现代格斗的武馆，是我的老师全额资助学生的，我们连生活费都不用出，只需专心的学习和训练。
因为我的老师，与您有一样的心愿，就是让中华传武获得全世界的尊重，打破西方武术和格斗技术的垄断。因此他希望培养我们这一群年轻人，用传武技术去征战世界格斗赛场，用真实的擂台实战，来为中国传武扬名！
照片：
师姐刘晓慧在世运会，用中华武术打败泰国拳手，
师姐刘晓慧在世运会，用中华武术打败泰国拳手 
   我和伙伴和家长，都一样有为中华传武扬名世界的心愿，因此才选择加入清一武道馆，学习传武技术，去击败现代格斗。
   我希望我20岁的时候，也能像师姐一样站到世界锦标赛的领奖台上，为国争光。不过我的擂台表现目前还不如师姐，现在我只拿到全国泰拳，自由搏击锦标赛的双亚军，两岸四地锦标赛的#军，但我相信三年内，我一定能够站到世界冠军领奖台的。
   我的目标，是想要终身投入中华文化和传武的事业，为中华文化，中国武术传播全世界而努力奋斗。但我太年轻了，有一些方向上的选择，还不能确定是否正确，因此我希望有机会能够得到您的指点，明确我未来奋斗的方向。
一：中华传武应该用“为主”还是“为客”的方式，才能更好地对全世界弘扬中华武术？
     为了让外国人来学习我们的中华文化和中国武术，是采用我们的规则和方式来设立项目，进行比赛。以我们为“主”，来大力推动和弘扬中华武术更好吗？比如我们尽量努力去推动让中华武术赛事成为奥运会的比赛项目？ 这个努力方向容易吗？会成功吗？
    还是我们采用老子
“
不敢为主而为客”的方式，我们集中一批人，采用中华传武的技术核心原则，用完全不同于现代格斗的训练方式和格斗逻辑，去主动的参与世界上已经非常成熟完善的武术赛事活动，比如泰拳，自由搏击，拳击等运动。一旦我们的拳手，能够用中华传武技术，彻底击败现代格斗之后，这些批量生产的世界冠军，会不会更能够吸引全世界的武术爱好者？让武术人真正的崇拜和追随中华武术？主动来中国学习中华武术？
而不是现代很多国外的专业武术人员其实不太理解中华武术，以为就是一种好看的体操？很多人只是作为一种业余爱好来玩的？
主动加入各种现代格斗赛事，取得良好的成绩，来打响中华武术的名声。这样做，会不会是一条弘扬中华传武更简单有效的道路？
     我的老师倾向于用后者—-“为客”而不“为主”！他认为“为主”方式去弘扬传武，需要耗费动用的资源太大，推广人也太累，他完全没有能力去做。他个人就只能采用为客的方式去做这件事。用个人的微薄之力来从最基础的地方，从擂台上弘扬传武！
     您认为他这样的想法，是否会有效推广中华武术呢？
二：提倡“学霸练武，文人格斗”，是否有助于中华传武在全世界的推广？
    我的老师不愿意教成绩不好的学生去练武，他说太极和传武是哲拳，和现代格斗不一样。不读书，不动脑子的人是学不会的。因此他提倡“文人格斗”，只愿意收成绩优秀的学生去练武。他说中国古代唐朝以前都是“文武合一”的，要先学文，再学武，就可以避免文武分离。如果从小先学武，错过了最佳的学习期，12岁之后才开始学文化的话，就不容易提高了，很难成为最优等的学生。因此我的老师，现在都只是从15岁国际学校的优等生中，选择喜欢练武的学生来培养拳手。他认为这样做，也有助与在全世界树立中华传武的良好文化形象，培养出与现代格斗不一样的武术人才。现在的泰拳和自由搏击，拳击等世界冠军，常常是贫民窟的穷人不一样的格斗拳手。他希望将来中国一批知书达理的文人，能够成为世界冠军，为国争光！
  这是一条全世界的格斗界完全不一样的道路。您认为现在的武术世界，能够接受这种完全不同的思路和格斗方向吗？这样做能够成功吗？
    毕竟提倡中产家庭和文人去练武，打高水平的世界级格斗比赛，以业余爱好去挑战职业拳手的极限，是一条从来没有人走过的道路。能有发展的前途吗？
三：拿到世界冠军后，是否应该去上世界名校？名校毕业的身份，是否更有利于去全世界推广中华传武？
 这个问题非常现实，我和师姐刘晓慧对这个问题的想法是相反的！师姐刘晓慧现在已经拿到了世界冠军，她认为：泰拳世运会冠军的身份，是她再也无法超过的记录。世锦赛和其他赛事的世界冠军，含金量都没有世运会冠军的高。她将来也不想去打武术的职业赛，不想吃武术饭，也不想把打拳作为自己的终身职业。她只是想借助自己的世界冠军身份，去弘扬中华武术，让中华文化推向全世界，让中国人获得全世界的尊重！
 因此她的想法，是要去读一个世界名校，然后用文武双全的世界冠军身份，去大学和其他国家推广中华武术！
 师姐刘晓慧认为：现在全世界的顶尖名校里面，虽然有奥运冠军，但至今还没有一个格斗世界冠军，入读世界名校的案例。如果她去上世界名校，就是一个新的文武双全的世界纪录。这个身份，会对她去做世界上中华武术的推广，有很大的帮助。比仅仅去打拳，当格斗世界冠军，会更有利于让全世界的人民接受中华武术！
 她和我一样，都是熟练掌握了四种语言的优等生。因此我们两人，要进入排名世界前50名的世界名校是不难的！只要认真准备一年，去考试通过就可以了。
 但我的想法，与师姐刘晓慧很不一样。我认为：就算是拿到了格斗的世界冠军，也仅仅是中华传武万里长征中的第一步，离中华武术的深度还很远。我从师父这里看到的，是传武和中华太极，具有无尽奥秘和深度，以及魅力。
   师父现在已经60多岁了，他还可以比我们更快，更有力量，可以几秒钟就把我们这些冠军们击倒。我们现在掌握的一点技术，就算是用来击败了国外的对手，拿到了世界冠军，也仅仅是传武的一点点皮毛罢了！用古拳经来说，我们也只是“得其一二足以胜少林”的入门者，离传武的博大精深还很远。
 因此拿了世界冠军之后，我认为我最应该做的事情，并不是忙着去读世界名校，不是去国外去宣传介绍中华传武。而是要更加认真的学习传武，掌握更深度的技术，更用心的跟随师父，研习中华传武的精髓。还要学习其他门派的武术，扩大自己的眼界，才能成为真正的中华武术新一代。
 所以，忘记自己拥有的荣誉，去继续踏实认真的用心传武，去掌握更多，更高的传武技术，让自己学到传武“五六层”的功夫，这样的传武人，才有资格去全世界“弘扬真正的中华传武”吧？
    现在这样子，我们的水平，都只是刚刚入门而已。就放弃传武的深造机会去拿文凭证书。虽然出去后，可能别人也会尊重我们。但我们对传武浅尝辄止，有不是有点不实在？因为我们离古人的造诣要求，真的还很远呢。
 因此，我认为：就算我拿到了世界冠军，也应该继续留在师父身边，继续学习10年以上太极，才有资格说自己掌握了初步的传武技术。都说太极十年不出门，现在学了三四年就“出门”了，不就前功尽弃了吗？ 
 过去百年，太极和传武的技术失传，不就是太极传人们过于急功近利，自己没学会真本事，就到处去教拳，传拳，当师父，弘扬中华武术，才导致现在我们的传武瑰宝，太极拳被一些人攻击为中国的“第九套广播体操”的吗？
 所以我认为，师姐刘晓慧应该继续练习传武，10年之后再去读大学。
 甚至我认为：我也许将来并不需要去读任何大学。我不需要用世界名校的头衔，来为自己增加分量，我只需要把中华传武的真功夫学好，尽量去理解中国古代哲人的思想，去读各种古代书籍，这些够我用一生了。
 我只要尽量去学好中华古代传武文化，在生活中用好一点。这些够用一辈子用了，不需要去读啥大学！我掌握的中华传武的真功夫，真文化，就是我的中华传武人的名片。我不需要拿世界名校的大学文凭，来装点我的人生。
 因此，师姐刘晓慧和我，虽然最终的人生目标都是为了弘扬传武，为国争光。但对实现的方式，我们两人的意见很不一致。
     我师父说，我们想怎么做都可以，让我们自己选择自己喜欢的道路，他尊重我们做的任何选择。
     现在我们都有“选择困难症”，现在跟我们在一起练武的学霸们，总共有70多人。他们将在三年内出现在各级擂台上。我相信我和师姐刘晓慧现在的困惑，也是他们将来要遇到的困惑。我认为找一个最有权威的武术界高人，帮我们解答疑惑，而不是我们自己胡思乱想乱决定，才是最明智的选择。
 我认为主任您，一直是中华传武的代言人。您身处高位，一定更知道我们现在该怎样做选择，才是最合理的。才能更加帮助我们实现自己追求的目标：怎样才能更好地去传播中华传武文化，怎样才能让中华武术，获得全世界的尊重和信任。
 希望您有空的时候，可以给我们一点指导。谢谢您的帮助。
      冯月茹  今日三语学校 清一武道馆学徒 敬上"
9,评论区(主评),"当亿万企业家走进
清一武道馆
（1）",https://zhuanlan.zhihu.com/p/354387957,英俊叔,ying-jun-shu-80,https://www.zhihu.com/people/ying-jun-shu-80,2021-03-04 19:30:19,0,HIGH,骗子/圈钱/洗脑/割韭菜/套路,清一武道馆 （1）】的评论 骗子李清一又来忽悠了 | （1）】的评论 骗子李清一又来忽悠了,骗子李清一又来忽悠了
10,评论区(楼中楼),"当亿万企业家走进
清一武道馆
（1）",https://zhuanlan.zhihu.com/p/354387957,不见子都,peng-bao-sheng-a,https://www.zhihu.com/people/peng-bao-sheng-a,2021-03-05 00:25:05,0,HIGH,假武术/无实战能力/花架子、骗子/圈钱/洗脑/割韭菜/套路,合物了，难怪那么多武术练习者一上擂台都是些软脚虾，还营养健康学呢[ | 的评论 看了这文章，感觉跟传销洗脑差不多，最无语的就是加大运动量 | ）】的评论 看了这文章，感觉跟传销洗脑差不多，最无语的就是加大运,看了这文章，感觉跟传销洗脑差不多，最无语的就是加大运动量然后又吃素食，还就一个清蒸素菜，主食为主，运动完本就应该多补充蛋白质，他这光补充碳水化合物了，难怪那么多武术练习者一上擂台都是些软脚虾，还营养健康学呢[捂脸]估计初中生物课都没及格
11,专栏文章,"【转载】
清一武道馆
|Ella11.4~6 日记",https://zhuanlan.zhihu.com/p/1970523998577231282,长沙实之兄,wx0197fe7aa3866d9c,https://www.zhihu.com/people/wx0197fe7aa3866d9c,,3,MEDIUM,假武术/无实战能力/花架子,助理＋保镖吗？真的保镖做不了（打不过山长）但如果能通过这种方式保护,"作者：Ella击败天心
链接：
https://
zhuanlan.zhihu.com/p/19
69080449486792535
来源：知乎
著作权归作者所有。商业转载请联系作者获得授权，非商业转载请注明出处。
前天山长回来啦！我们第一天晚上就有了公主聊~(*^▽^*) ，每次这样的班级聊天都收获很大。山长早上还会来教我们练功，练功方向又更加清晰了，以及又再一次看到了内家拳的神秘。
PS：因为前面几天晚上都有聊天，所以没时间写日记，就今天一起写了。
一、公主聊收获：
1、清一公社：
聊天在一段必不可少的斗嘴环节告落后，山长给我们更清晰的讲了清一公社的规划和价值。同时也告诉了我们送给我们的大礼：
山长会给所有公主送一份清一公社的资格！
只要在这里待20年以上就自动拥有。山长真的对我们太好了，我们公主班总是一直在收到各种各样山长的礼物。（还比如公主聊那晚山长请我们吃了昭通30块钱一个的苹果，确实和正常昭通苹果没区别，可能比泰国的好吃一些）真的很感谢山长，用我当时的话：我们真的要欠死山长了。现在确实没法还呀，只能欠着，好好提升自己。
听完山长讲完规划，我觉得真的很有智慧，在两点：
第一，这个规划很周密，对所有涉及它的人都只有好处，我也在想可能会有什么风险，也问了山长，山长说唯一可能的风险就是GJ垮了，钱还没从中转出去，但这个风险目前来看还不太会发生。这肯定不是这段时间想的，而是山长一直在想怎么传承百年，最近开始完善细节，今年准备开始的。所以一出来就很完善，让我想完全不知道该怎么做。
第二，山长很久以前就说过百年传承计划，但当时我以为山长会做一个自己家私人的，但没想到最后是开放给了更多的人。山长说这其实是最聪明，最保险的做法
，一滴水总会干枯，大家每个人自己都是一滴水，就算山长的一滴水很大但终究是一滴水，但把一滴水融入大海，就不会枯竭了。
这其实就是无我，也让我想到了几天前看的与神对话，
分离和合一，当你合一的时候就有了力量。
我后面又思考总结了一下，合一其实就是当你相信我们大家都有着一样的目标时，我们就合一了，当你觉得我们利益冲突，目标各是个的时候，我们就分离了。而山长就是找到更多有相同目标的人，大家合一就有了力量。也因此如果有目标不同的人一定不能加入，因为这样就会导致分离。
百年传承是一个目标，想要百年传承的人加入。
另外，我觉得还有一个就是付出和送礼，
自从这个机会出来后，就看到山长不停的送礼，把这个机会送给我们；教社员子女私家财富课；还有清一义塾；还有生子基金，基本把一生都包揽了，从教育到结婚到工作到生子，这已经不是基金会了，我感觉真的要变成大家族了。山长这么做一个是山长愿意付出，另一个我觉得山长的价值观中——
福报远远比金钱重要，宇宙币比地球币重要，一份善的缘分比消费重要。
因此，要成为社员，最好也是有一样价值观和目标的人。
对于我们来说，我们很可能会成为账号管理者，也因为山长会成为社员，
山长也把结善缘的机会送给了我们，我们也一定要抱着付出的心加入。
成为“大家族”的建设者，我也想多结善缘，最好能结缘下辈子也跟山长一起到天上去~
山长说第一批加入的人是最幸运的，后面就会门槛更高了（很感谢山长给了我们家第一批的机会）。我本来以为，上面那些礼物是最宝贵的，钱其实还好，但后面山长讲了以后，才意识到这个每个月的钱的价值：
第一，稳定。
稳定？山长说的时候我很疑惑，直到山长分享了山长母亲（奶奶）现在都还会觉得山长应该不辞掉武汉大学的工作，这样就有稳定的退休金，才意识到社会上有多少人是多么珍惜这份稳定。尤其是什么也不用做，一定会有这比钱。山长讲了一点很有趣：
其实世界上大部分人活的比较悲惨都是因为做太多了，人性的一个弱点就是NO作NO DIE，最典型的就是股市，问银行经理，只有不到1%的人在股市赚钱，但是如果你十年前随便买个股票一直不动，市场上也只有1%的股票会亏钱。因此，其实什么都不做就好了，但因为人们都喜欢乱做，所以会亏。大部分人都就做太多把自己的生活搞成一团糟，而这笔每个月的钱就可以让你不用乱做，怎么都有。
第二，自由。
自由是非常不容易的，西方有一个自由女生的油画：
不是雕像自由女神
她挥舞着自由的旗帜，但她是踩着尸体的，也就是说自由很多时候甚至要用生命换取。但我们很轻易的就得到了，清一公社的子女也得到了，不用去做打工仔，去社会上被奴役。不过我们也要清楚，我们享受的这一切，都是背后有人在付出，比如我们的父母，还有山长用20年建立的平台，我们没有付出那么多就得到了。但我们也要清楚这一点，在有的机会和能付出的地方就要全力以赴。
2、国礼：
山长考了我们一个问题：为什么明晓打出了世界冠军，却没有人找明晓代言呢？谷爱凌就有那么多人找她？
明晓的金牌含金量说实话比谷爱凌更高，因为把滑雪当专业来玩的全世界可能只有几百人（需要一定的经济基础），但格斗全世界有特别多人，所以其实正常来算格斗的金牌含金量是比滑雪更高的。
之所以会有这样的差别是因为广告商买的不是你的冠军，而是你的名声。有很多人报道了谷爱凌，她有了名声，所以有广告商来买。而这次明晓在泰拳世运会的冠军，是GJ和媒体都没有料到的，所以没有做好准备。同时，也只有一次，所以也会怀疑是不是偶然或者有内幕，但如果一直夺冠，那这个项目也会成为受关注的项目，GJ和媒体做好准备，其实也会一样有名声。
因此我们一定要好好练，持续的拿到世界冠军，如果这次后面就断了别人就真的会觉得是偶然了。
另外，我们现在能回馈平台最大的方式也是拿世界冠军，让自己成为国礼，让自己最有价值，也是对平台最有价值。
以及，还有一个原因，就是未来出名了如果有些人不满意不开心，可能会想伤害山长和平台，但如果我们是国礼就能保护平台和山长。我不是要做助理＋保镖吗？真的保镖做不了（打不过山长）但如果能通过这种方式保护就也是合格的保镖啦。
3、《笨蛋没活路》：
最后快结束的时候，我抓住机会问山长，我们有没有可能讲《笨蛋没活路》这本书？因为看完真的印象深刻。
虽然得到的答案是不能，这是研究生的课程，要讲要讲一年。但山长还是根据这个讲了一些故事和分析，也很有收获。
山长说了以后我才意识到这本书描写的令人恶心的现实竟然是社会的上层！
诺贝尔得主，奥斯卡演员难道不是上层吗？
之前可能因为太恶心和腐败了导致我根本没有想到这是上层。山长说书里描写的基本就是现实，接下来山长还讲了两个故事，比书里更恐怖，但具体故事最好就先不写出来了。
这就是社会的真实写照，爬到上层也就是这样，因此我们能在这里学习，不用到这样的环境真的太太幸运，我们能享受清一公社的待遇，拥有自由真的很感恩。
我本来觉得讲了这本书以后估计就不会有人对外面的世界有向往了，山长说之前给明一班讲过，但很多人看了不相信，估计要自己出去体验了才会相信吧。我之所以看了就相信可能也来源于和山长出行看到的一些和书对应的写照，他们可能也要自己出去看看才能相信吧。
一点点小延伸：我上次的收获写到这本书里男人对女人的看法，女人对自己的看法都让我吃惊，山长用一句话总结了本质，这里面女生玩的是西方腐朽女权主义，觉得男人玩女人，我们女人也要玩男人才会更公平。太精辟了，就是这样，不过我认为女人这样其实让自己更低贱了，看似是在跟男人比谁更有力量，实际还是进入了男人世界的评判方式-以权力和力量为重。山长说现代很多中国女生也是这样的观念，被影响了.....希望以后能改变一些，真正的女权应该是与神对话所说，由爱和付出统治的世界，而不是男人暴力和权力的世界，也不是这样的女权。
以上就是本次公主聊主要的收获啦，感谢山长带来这次公主聊，期待更多的公主聊~（O(∩_∩)O哈哈~）
二、练功日记：
山长这次回来主要是示范了
内家拳进阶一级的功夫
，我们之前练的两拳一腿，开合腿，开合拳还只属于内家的基本功，山长说至少要练基本功三年才能开始练进阶的，才能搞懂，不然会直接晕掉。（很多老拳师不会教徒弟就是直接开始教进阶的，他们自己是下了苦工练基本功，但教人就直接教现在自己会的高阶，徒弟就完全学不会。但假如我们先在山长这里练会基本功，再去跟一些老拳师学进阶的就不会有问题了。）
这次看山长示范和讲和试手确实没有之前那么晕，能理解更多了，但依然觉得好神奇好奥妙，不过似乎脑子懂了，身体还完全跟不上，就慢慢把悟到和看到的变成经验吧。
1、新的接手对练：
山长教了一个新的接手项目，怎么练习我觉得Doris的日记已经写的很清晰：
训练心得#56
 谭琛怡-文人格斗的文章。
我理解的这个项目练习的目的有三个：
1）养成单手就能护住自己，封住对方所有攻击线：
①随时走到对方最不舒服，空挡暴露最多，还打不了自己的位置，也就是一下子走到对方的侧后方，或者就让对方站不稳，一直在找重心，也完全无法发力打你。②自己也要暴露最少要害，养成侧身的习惯，要求单手练习时完全侧身，以及侧身发力。
因为只用前手一只手就封住了对方，后手，后膝，后肘就可以很舒服的攻击。山长在示范的时候就是每次一接触，我们就什么也打不出来了，只能纯挨打，山长就是第一步就卡到位，或者劲到位。
2）练习功力：一接手就让对方站不稳。
要用身体用身体撞人，要求身手非常合一和协调，一搭手就让对方站不稳，只要站不稳就全是空挡，而且不仅能做到一下站不稳，还能跟进，脚步移动手上劲还不松，对方怎么乱动都不稳，我们和山长接手就是一直摇摇晃晃，把自己的胸口送给山长的膝盖，或者直接一整个感觉被掀起后退，不退就倒。
山长示范了两种做法，如山和如水。如山的话就是用碾压性的身体力一接，山长动的很小，但自己就被撞开了。如水就是山长变劲变的很快，一下就把往山长身上的力变走了，不仅变走还顺便钩挂让对方站不稳。无论是桩功还是变劲，都是更高的功力。
3）练习分阴阳：
前手控住了，无论是脚步要跟上，还是要打后手，还是旋身，都要求分阴阳，上后手的时候前手劲不能松，我们很容易一想上后手前手就松，或者后脚一想往前走手上劲就松。而山长示范一手把MT压在墙上另一手还打墙，就是超级分阴阳。
自己练习了两次的体会是：
①目前自己用身体撞的还挺不协调，很容易就散掉，不够整，步子更是走不太动，首先要把步子变小，其次平时练习也要多关注身手合一，用身体去撞。②钩挂和变化上面，自己也比较呆板，Alina会比我好一些，学到了很多，主要在于自己之前出拳喜欢直来直去，根本没有钩挂的意识，通过这个练起来。③侧身很重要，侧身后腰就不会撑，之前的腰伤就不会疼了。
最后山长说：“内家开合接手其实就是太极云手，倒撵猴，野马分鬃，用出来就是这么厉害，和公园老太太很不一样吧？”
躺在地上的我们：那当然了......
2、内围及摸脸：
上面的这种接手同样适用于内围，如果内围能让对方站不住，就可以随意肘膝了。不过山长也教了一些更具体的技巧。
之前山长总是能让我们行“公主礼”，也就是下着腰，下巴朝天。现在山长说我们有些进步，要搞成公主礼比较难了，就改成了行“王子礼”。（我自己取的名字，也就是向前鞠躬）一勾脖子我们就鞠躬，然后山长用膝盖还礼。
不仅被山长，内围时我也被一些外国人把脖子勾下来过，这种情况都特别危险。这次山长就教了怎么不行王子礼。
山长也教了如山和如水，如山就是把劲往地下沉，整个人都挂上去了还勾不下来，比起我的直接抗，山长是往地下沉，我后面试了往下沉确实会好很多。第二种如水就是我一用力力就都到了我自己的身上，自己往后站不稳。我发现山长和我的一个不同在于山长不只是会往前推，还会有点从上往下压到我身上的感觉，这个我还要再琢磨。
另外也发现，要把人勾下来，一定不能直着往下，要像勾挂一样往两边边旋边勾就会更轻松，更好的是可以先往下让对方抗，再变成两边旋对方就最难跟上。
摸脸的话山长也示范了更高级的摸脸，本质也是勾挂，不过更高级的不只是摸到，要把全身的力量压上去，让对方歪七扭八，之后练摸脸也都可以这样练。
3、踢腿的功力：
腿要发出力量山长也讲了3点：①也要用身体撞上去。②抖：山长说可以用踢木板的方式练习抖劲，每一下都要想象把木板踢断，踢的钉子松掉，慢慢就能练出来了。③距离！：距离远了就没力和踢不退，山长示范了这一点，要在手刚好能碰到对方的距离踢，就一定能踢腿，当时山长“踢”（用脚推，踢会伤）我，我站远了就能站稳，近了就完全站不稳。
这次的锦标赛都是不带护甲的，对我们很有利，只要我们把腿练好（还有膝），就能把对方踹死。山长也提醒了要有后腿，后退旋身的力量会很大。
腿的伤今天也基本好了，准确是找王看了估计练习问题不大，因此后面就要继续加强腿，踢木板，移动靶距离和时机训练！
4、侧身窜步与旋身窜步：
今天我们练拳腿对练和两拳一腿对练的时候山长也来了，教了出拳方的身法。一定要往对方两侧走，这样对方最难受，但就算我们想着往两侧，很多时候还是卡不对时机，会被踢腿方打迎击。比如我和mulan练时很多时候往前就会被mulan腿打迎击，会这样就是因为身法还是太慢了。
山长示范了勾引对方出击在对方回收的时候往前立马憋住对方，但到我自己做时就会往前太慢，对方已经回收完出第二腿迎击。于是山长就教了窜步：
无论是旋身窜步，还是同边窜步，都是前脚要扒拉一下跳，同时身体要画圈，不是直的，用身体扑就会快。我们用后腿跳，而且还不用身体，就肯定慢。这个画圈和窜步平时也要多练，练好了身法会巨快。
5、重点：平时练习时要注意的！
除了讲了一些动作以外，一些练习心态，需要注意的核心也很重要：
①不管练什么都要画圈
，云手云脚，都在画圈，拳就是不停的画小圈，一个是勾挂的意识，画圈就是勾挂，另一个就是连绵不断的圈，这个圈没挂上就再来一下，就不会出现防一下没防住就呆住的情况。肘也是圈，一个肘被防住了就再来一肘，腿也是圈，一个圈没踢到就再来一圈。步伐也是圈，身体画圈才快。我很多时候劲都很直，以后注意。
②每一下动都要有目的，
要么是接近距离，要么晃对方，而不是在距离内还在乱动做准备，山长说我们公主班的大问题就是每次出击前都要试啊试的，两个人像玩一样乱晃，要直接出击。另外也要能在预备式的任何动作都能出击，而不是只有准备好固定的那个点，比如预备式画圈，我们就是画完一个才能出击，但山长在画的中间都能出，这次示范的是圈的上下左右四个点都能打，所以才会很有威胁。我们平时对练都要注意，把这个乱动的习惯改掉，空练的时候也一样，不要每次出击都要动几下，直接出。
③练功不能太正经，可以轻松愉快一些，灵活多变一点，
山长说我平时练功太正经了，一下一下的，而山长则是晃晃悠悠的，跳舞，就练的更好。我也发现自己练习的太紧绷了，总是想吭哧吭哧的，心态上也不对，总是很紧张，因此练得不够开心，也很死板。louisa也分享了这一点，我可以不用每下都出全力，或者都固定的方法，多变一些，找协调一些。同时我也可以更开心，放松的，玩一样的练习。
④面前无人似有人，
练功一定要有实战意识，想象前面有个人，自己在如何打，不然就变成乱蹦乱跳了。比如野马分鬃的时候就可以想象前面有个人自己在不断的撞飞他。这个很重要，空练的时候一定要注意。
⑤更多的空挡意识，
护住自己的空挡，看到对方的空挡，我会有头的空挡意识，但没有腹部的，导致我的腹部会被攻击，山长就整个护的更全。另外就是要能快速看到对手的空挡，今天山长有一次和Doris试手的时候，我就在山长后面，前面几下就发现山长每次打得都是露出来的空挡，后面我就去看空挡，发现山长就打了我看的位置！（第一次预判山长的攻击），但攻击手段没有预测到，比如我以为会用手打的山长用了膝，还有一次用了肘。另外，我是站在局外看，而山长则是打的那个人，却能快速扫描出对方的空挡并用最合适的攻击打上去，太厉害了，要非常冷静头脑很快才行。但没有这个空挡意识就永远做不到，因此要把自己个意识加上。
还有一个小点：就是不要只在练功时练功！其他走路，做事的时候都可以用身体晃，不是乱晃，看似动作很小但是劲要走到位，平时有事没事就多晃晃。
总之，山长一回来，练功就清晰了许多。最后，山长在跟冠军班聊天的时候说，练功就是要坚持不断的思考，山长说自己使用理工科很细的思维想武功，因此一定要思考，不思考练不出来。另外，山长说自己曾经也很软，打上去没用，但很坚定一定要练出出手KO的杀招，坚持不断，5年后练出来了。我们现在还没有只是坚持的时间不够，思考的还不够，就继续坚持，肯定可以的。"
12,专栏文章,"有江湖高人出马来“教育”
清一
武术的严重问题了！",https://zhuanlan.zhihu.com/p/721384904,山长 <em>清一</em>,shan-chang-qing-yi,https://www.zhihu.com/people/shan-chang-qing-yi,,323,HIGH,假武术/无实战能力/花架子、骗子/圈钱/洗脑/割韭菜/套路,然有人信服。何必到处去自吹自擂自嗨，到处去踩人上位，攻击贬低他人 | 及格的！比如，大师说---太极套路一开始就是为了实战的？我咋不知 | 不知道这一点？我从来就不练太极套路，都只练单招。但我可以随时编一,"我建议大家好好看看一个国家地理的纪录片 功夫，有三集，第一集最好，开门八极，看到一家人，三代都在认真守护着他们的传统武术，令人尊重。我们其实也在思考这个问题--该怎样守护自己的文化遗产呢？！但我们都在积极行动，去带动更多的人热爱传统武术！
不过，我觉得这个纪录片，最有趣的就是第二集。其中的太极传人，把太极弄成了摔跤，还不如保定快跤好使呢。最可怜的是---当家掌门师父，跟来采访的主持人过招，结局却特别的耐人寻味。充满了江湖气。特别长见识。主持人其实也就是一个拍武术电影的，虽然练过武术，但真实的战力也有限。按道理不是这些正宗传人，专业武者，正宗传人，正宗武林大师的对手。别人只是一个电影演员，来拍电影纪录片的人也没想折辱大师，只是想长长见识！但大师却自己折辱自己，让我们大开眼界。
      首先是大师摔弟子的表演，摔得很漂亮。其实---如果是练过的人，就算功夫一般，打没练过的新手，也是怎么打怎么有的。现在的木兰们，如果要真的跟冠军班的人打，不管男女，上台去一定打得很漂亮，比擂台赛精彩多了！因为两者根本就不在一个级别上！这种表演，其实说明不了啥水平！
    但是主持人也的确好奇大师的功夫到底有啥深度，自己也是练过一点的！虽然不专业，但也不业余！所以表示能不能亲身感受一下大师的功力。大师肉眼可见的有点紧张，浑身就不自在的样子。嘴巴用话术，外示悠闲，其实身体很诚实，明显很戒备。然后大师却突然开口说话，故意的吸引对方分神，然后言语中就突然出手偷袭，对方结果还防住了，没被摔倒，反而卡主了大师，让大师动惮不得。都是练武的，我一看就知道大师要糟糕了！因为大师的脖子受控，被对方用胳臂夹住了。只要一用力扭腰，头就会被压下来。泰拳此时就是一膝盖上去脸就花了！但奇妙的是------双方僵持一会，主持人的手就突然松开了。然后---身体放松的，就让大师给摔出去了。我看镜头上，是两人一起摔出去的，大师肯定也倒地了。但是镜头却切掉了，转向大师站着的镜头，然后主持人慢慢爬起来。看起来摔倒有点狼狈----大师表示他赢了。不过，大师认为认为这次摔跤太不漂亮了，不够有说服力，但也不敢继续再来一次，知道纪录片的主持人有点真功夫。但为了体现他自己太极功夫的厉害，就自己点名，去找了一个大概是搞摄影的外来人，拿他来摔了一个动作，大师把人背起来了！说可以让他窒息而死-------原来大师的水平，就是专门找小白来虐菜的呀？当然主持人也“很江湖”，表示很佩服。含蓄地表示：太极拳可刚可柔，功夫了得！他很长见识！
    我认为，传武太极大师的嘴巴，才是天下最厉害的功夫。这个大师吹得太极要领，练习要求，说法，让我都晕菜了。如果按照他的方式去练拳，我肯定都不及格的！比如，大师说---太极套路一开始就是为了实战的？我咋不知道这一点？我从来就不练太极套路，都只练单招。但我可以随时编一个套路出来，打的给人看！可能不好看，但别人肯定说就是练太极的！只是不知道是啥门派的太极！我认为玩套路，就是自娱自乐的玩意，或者给人看的表演。单招单练才是真功夫。清一武道馆的拳手们，每天练的都是单招。几年就练一个野马分鬃，阴阳开合拳。冠军班，我说他们只要练出来太极三脚，太极三拳，就可以拿冠军了！谁去天天练太极套路呀？如果真的是“套路一开始就是为了实战的”，我干嘛不练套路去打实战？每天枯燥无味的，一个单招练千遍？不烦吗：我承认这样玩单招，没法开馆赚钱。因为一个单招就练三年，你每天咋收费呢？不符合商业要求。不如编一个108招的套路出来。学了一路，还有二路。学了新架，还有老架，学了大架，还有小架。这样，天天有新招玩！一辈子都结束不了。这样，才好收钱吗！我就是太傻了，所以只能赔钱供养，请人来练拳。不如这些大师们有江湖经验。居然不练套路?自己砸自己的饭碗！我才是傻瓜一个呢！
所以：江湖离我们太远，大师比我们太高。我们的境界，是达不到大师水平的！
《功夫》第2集：大隐于市_哔哩哔哩_bilibili
    不过---虽然我们不去找江湖武师计较高低，甚至故意回避江湖武师的风头，尽量不与国内的江湖武林人打交道！但江湖武师，还是主动的找上门来，高高在上的指点我们了。还在一些家长群里装神，以大师气派，指指点点的，说我们的武术培训有问题！不如他们的更科学。我也不怕自黑，反正已经被人黑习惯了。我就用我的场子，帮大师们宣传一下我们的黑点和污点吧！
大师对此的评点是：我们本学期改了训练方案，训练方案调整很快，说明我们
“之前的训练有不少问题”！
大师就是大师，一针见血。马上就发现我们之前的训练系统有问题。我承认---当然有问题，没问题我改啥？
不过：我们每天都在微调，明年冠军班，还要大幅改变训练内容，提升训练量。所以---是不是证明现在的训练方法依然有问题呢？
      我承认及时明年以后，我们还是有问题的。我们永远在发现问题中，永远在改变问题中！这才是中国古人的【日新，又日新】的基本治学的态度呀！
大师点评我总结早期学生没有培养出来原因是：
“训练方案有问题，孩子们被耽误了”
。  我写这一段自己总结的核心原因是：“这些孩子们缺乏练武的目标和伙伴，缺乏榜样的力量。光靠我老师指导，再有本事也教不出来”。跟大师相比，我的总结就是小儿科了，有点回避自己的责任，居然推锅给孩子们说他们的伙伴不行，环境不行，而不是反省自己的武力值不行，训练水平不行。所以---大师还是更高明！比我强！
      对我描述小女儿刚开始不想练武这一段，大师的说法是：
说明入门阶段有严重的问题。
我就纳闷了---啥问题呀：到底有多严重？难道是说：大师教学生练武，入门一开始就很快乐？很喜欢？
下一个点评，大师就更有水平了：直接点评我们2019年开启的武道馆训练模式，有严重问题！       
2019年开启的太极武道训练。当然有“严重问题”，现在的训练方式，肯定比当年更科学，更完善。不过，当年原始版本的训练方式，也训练出了一堆冠亚军了。一年来全国锦标赛的冠亚季军的奖牌，都拿了三十多个了！这严重问题，也不影响出成果呀？
   --您既然是大师，既然如此眼光高强，还能够发现我们训练中“有严重的问题”，你把宝贵的时间用来对我们指指点点的，不如不去自己培养学生，多拿几个冠军给我们看？
    看记录原文有推某个门派的老师---“荣师说：小孩子练功必须因材施教，每个孩子的身体条件都不一样，不能千篇一律！”。然后有：“小孩子练功要轻松愉快，放松，不用力，不能练疲”了。
    说的都挺有道理的！我也巴不得轻松练练就能打冠军呀？你示范一下给我看看？
     当然，既然是有资格对我们指指点点的大师，对我们取得的成绩，也有高明的，中肯的评价：比如---对我们不科学的2019年的学生去全国锦标赛，都批量拿了冠亚军！做出了抓住要点的评价：认为我们在全国锦标赛拿冠军的，都是女拳手。因为女生的竞争不激烈，对手太差，弱鸡也可以拿奖牌！但男生的竞争对手太多，太强，所以我们的战绩就很差，至今没有一个男子冠军打出来！说明我们的水平不咋的，就是钻女拳手不强的空子！
    这个道理-----其实很有道理。也是目前存在的事实。
    不过---要说女生成绩出彩，完全是因为对手太差？恐怕也不是事实。因为：去年的两个木兰，都和国内的男子冠军打过比赛。今年五月份，泰拳国家队集训的时候，女生们再度和男子泰拳全国冠军打了试验赛。虽然女生没有绝对的优势，但肯定是毫无劣势的，场面上还是我们女生在压着男生打的。我们女生甚至在泰国，还与比自己体重更重的泰国职业男拳手打比赛，只是无法Ko男拳手，但男拳手也占不了啥便宜、很难有效击中我们的女拳手。两三年之内，我们的女拳手就可以KO男子冠军级别的拳手了！等到了我们木兰女子的拳力量，都可以KO男拳手的时候，男生练不出来，不知道还有啥脸来说技术问题，而不是反省男生到底有没有冠军之心呢?
    如果我们的女拳手可以跟男拳手同台竞赛，同级别男拳手根本就不占便宜。我们原来培养的男拳手，就是打不好比赛。这是啥原因？傻瓜都知道，不是啥技术体系问题，肯定是男拳手没有好好练！我认为就是男拳手太偷懒，实际上，武道馆一直是女拳手更用功。男拳手练功请假更多，划水更多！
     当然：能够指点我们缺点和不足的，不管是啥人，大师也好，家长也好，肯定水平都比我们高。不然咋这么有眼光呢？
      我们期待的是：既然各位的水平这么高，不如给我们示范一下，用实践来检验真理！用你们自己培养的结果-----而不是这里玩大嘴巴，不是更有说服力吗？我承认我说不过你们的！
     家长们也一样：如果真的认为我们的教育模式，武术训练系统，有啥问题的人，我们都承认你们是对的！你们就自己转身，去追捧你们认为自己认为对的东西就行了！
     清黑家长就是特别热衷于指出我们的毛病。但自己家庭和自己孩子一大堆毛病却视而不见！我建议这种对我们不满意的人，家长也好，大师也好，不如把你们的宝贵时间，花到去找你们认为更好的机构，来培养你们的宝贝上面！或者你们既然这么有眼光，有独立思考，有水平有境界。就不如像我一样，自己来开学校培养自己的孩子！而不是花时间来对我们指指点点，当义务导师，要求我们提供你想要的理想服务。我们既然没有出钱请你当督导，你免费花功夫来指导我们不觉得吃亏吗？     
    自尊尊人，是新教育的基本逻辑！
    我们尊重所有的大师，也请大师们拿出点实际的成绩，战绩来供我们膜拜一下。而不是网上码字，虽然高明却看不清！实证，实践拿的出来东西，自然有人信服。何必到处去自吹自擂自嗨，到处去踩人上位，攻击贬低他人，以求支持呢？这是最基本的道理吧？
     拉著头发是飞不上天的。踩人者只会自己跌入深渊！"
13,评论区(主评),"有江湖高人出马来“教育”
清一
武术的严重问题了！",https://zhuanlan.zhihu.com/p/721384904,梁庆文,24-26-81-91,https://www.zhihu.com/people/24-26-81-91,2025-10-07 06:38:09,0,HIGH,假武术/无实战能力/花架子、骗子/圈钱/洗脑/割韭菜/套路,竖，玩不了假，否则我们很容易被忽悠。那么多冠军摆在那，事实都摆在那了。难道都是pua出来的吗？果真如此，山长pua的功夫不咋地啊，那么多清黑，她们本该 | 竖，玩不了假，否则我们很容易被忽悠。那么多冠军摆在那，事实都摆在,还好，武术就一横一竖，玩不了假，否则我们很容易被忽悠。那么多冠军摆在那，事实都摆在那了。难道都是pua出来的吗？果真如此，山长pua的功夫不咋地啊，那么多清黑，她们本该是冠军啊[大笑]可惜了……
14,评论区(主评),"有江湖高人出马来“教育”
清一
武术的严重问题了！",https://zhuanlan.zhihu.com/p/721384904,任惠一,qin-xi-xi-29-92,https://www.zhihu.com/people/qin-xi-xi-29-92,2025-08-25 07:51:00,0,MEDIUM,假武术/无实战能力/花架子,然有人信服。何必到处去自吹自擂自嗨，到处去踩人上位，攻击贬低他人,我们尊重所有的大师，也请大师们拿出点实际的成绩，战绩来供我们膜拜一下。而不是网上码字，虽然高明却看不清！实证，实践拿的出来东西，自然有人信服。何必到处去自吹自擂自嗨，到处去踩人上位，攻击贬低他人，以求支持呢？这是最基本的道理。
15,专栏文章,传武公主的荣誉心VS传武混混的江湖气,https://zhuanlan.zhihu.com/p/2071904241552193017,Ella清一公主NO.1,ella-58-3-14,https://www.zhihu.com/people/ella-58-3-14,,318,HIGH,假武术/无实战能力/花架子、骗子/圈钱/洗脑/割韭菜/套路,对徐某做出任何像样的回应，传武不能打的名声反而越来越大。山长为了捍 | 尊重！ 对我来说：练了传武，走上擂台去击败世界冠军，是 我想要为国 | 就击败我们这些冠军的山长，真的打不过S某吗？因为我看S某也就一其貌,"这两天刚发生的闹剧：一个喜欢骚扰女生的流氓，找上门来表演了他的惯用伎。去年，他给英子姐姐公开说要表演脱裤子拉S的流氓行为。
这一天，他来对着我和我的伙伴，飙了一堆威胁加骚扰的垃圾话，还被伙伴们现场录了下来。现在已经作为证据交给了警方，已经立案了。
我们一家现在正好都在昆明生活，父亲已经在金碧天下买了房子，以后夏天，假期都可以来这里。很多清粉也都在这里买了房子，我们在假期见到了不少熟悉的家长。
由于此人在网上信口开河的乱说我是谁的小情人，似乎清黑们都很习惯张口就瞎说八道。所以我父亲要走司法程序来让S某懂得承担自己言行的结果，而且我们家不接受他的所谓的赔偿，我们只要求司法解决问题！让他承担法律后果。
其实，我挺同情S某的。我们两都选择了传武作为我们一生的陪伴，但我们对传武的态度不同，就成为了我们两本质上的差别。
我也在思考：
去练传武，去学格斗，对于我来说意味着什么？对他来说，意味着什么？我和他到底有什么不一样？
对我来说：
去学习传武，意味着我对古人智慧的尊重和仰望
。
还意味着一点私心——
我想借助传武，去改掉我身上文人的毛病和女性的弱点。
对他来说：去练武，是小时候被更强的人欺负。因此他练武是“
自己变强了就要欺负他人
”。
事实上也是如此，据跟他练过武的我们一个伙伴说，他成天就是最喜欢骂人和打人了！当他的徒弟和学生，就是要成天被他欺负，挨打。怪不得他根本就培养不出人来。因为他骨子里面并不尊重传武，他不会去仰望任何人，他只仰望他自己！还希望所有人都因为他有武功就仰望他。可惜“只会仰望自己”只能让他成为一个“自恋者”。想让别人“仰望他”的一切努力，却只能让别人“更加的讨厌他”，远离他！他在社会上，成为一个没有朋友的人。
看到他来恒大表演“我要打十个世界冠军”游戏的时候，他策划已久的“精彩演出”，却没有陪他看戏的观众。我们一群人只是冷冷地（或者笑眯眯的）看他表演，刘武士对他想要与冠军比高下的“热情”，只是冷冷的回一句：“我们只在国家安排好的擂台赛事上比武。”他回去后就赶快网上发文吹嘘自己的“无敌战绩”，只有几个清黑迎合他。
清黑们表面上都在吹捧他，说他武功世界第一，他很高兴。
但他却不会思考，
为什么没有一个清黑跑来跟他学拳？
为什么在五华广场上，自己的拳场总是寂寞冷清？拥有一身功夫，没给自己和家人带来任何的荣誉和好处。甚至想要欺负人，都只能在嘴里面嗨一下：我要打世界冠军，我要一个打十个，过过嘴瘾。其实心中满是匮乏——满世界没有人在乎他，甚至连看他的兴趣都没有！
相比我去打世界冠军，去打洋人的时候，有伙伴会一起陪伴我，支持我。有上千人会看我比赛的直播，为我呐喊加油。我赢了比赛，很多人会为我欢呼，我输了很多人会为我鼓励，让我下次再来，我非常感恩所有人的支持。
我们打比赛时支持我们的学弟学妹们
很多人在看现场看我们的比赛直播
比赛后无论输赢，我都能赢得对手的尊重，彼此成为互相欣赏的朋友。比如这次赢了我的俄罗斯对手，还有很多我在中国锦标赛击败过的对手。我们都能成为友好相处，和互相欣赏的武林朋友。
赛场交到的新加坡朋友
相比起来，S大师却让我深深的同情，觉得他真的很可怜。因为他的“比赛”无人陪伴，他的输赢无人在意，他的对手没人会喜欢他。
我突然发现了：不是练武，会打人，就能让人尊重。
而是真正尊重武术的人，尊重自己，也尊重别人的人，才会获得尊重！
对我来说：练了传武，走上擂台去击败世界冠军，是
我想要为国争光，为传武正名，为祖师传承的荣誉！
也是我用比赛来检验自己——
是否克服了自己个性和心理弱点的明镜！
我用能和世界冠军比武，来检验自己的水平和能力；用尊重和击败世界冠军的方式，来发现自己的超越。
对S某来说：看到别人拿了冠军，他心中眼热冠军的荣誉，就一脸不忿的跑来挑衅和谩骂，想来比武，只是他想证明“自己牛颁”，可以晒到网上去获取流量的手段。
在他的价值观里面：攻击和谩骂比他更有名气，更有荣誉的人，就能让自己更强大。甚至他可笑到要来攻击女生和小孩子，想要证明自己的强大。
S某想要证明自己武功的“珍贵”，就不惜去诬陷小明慧“偷拍”他宝贵的影像，这次来又叫嚣了这一点，甚至诬陷说我们这些冠军们，都是“偷了他功夫”才赢得的比赛。却忘了两个事实正在打脸他自己：
第一：如果他的功夫，真被人远远的偷拍一下就会被“偷走”，那么为什么他几十年来一个徒弟都没教出来？如果他亲自带多年都带不出来一个能打的徒弟，只能证明他的功夫过于复杂，别人就学不会，只有个别天才能“学会”，或者就是他根本就不会教，难道还有第二种答案吗？
第二：S某人自己每次在广场上拼命秀功夫给人看，却连看客都没有，更没有人去拍他，这个事实，他却选择性遗忘。我还在S某的网页上看到他把拍自己练功的视频放上来，却都没人看，根本没几个人对他的“怪动作”感兴趣，但他为了表达自己武功和动作的珍贵，去诬陷一个小女孩“偷拍他”。导致了我们圈子里面的所有人对他彻底反感——本想树立人设，却人设彻底崩溃。曾经我们这些因为他武功高而尊敬他的人瞬间都开始鄙视他。
我看到对S某人最强烈的刺激，可能就是清一山长自称是【传武实战第一人】。他不断的在攻击这一点，说他武功比山长高很多很多，这“传武实战第一人”应该是他，而不是山长。
在我们看来，山长的自称完全是一个“
事实描述
”，毫无吹嘘的成分。
因为山长并没有去吹嘘自己武功的高低，没说自己武力值第一。
山长其实说的是自己“做的事情”——为传武正名的事情，让传武走入现代格斗赛场，并取得胜利的事情。
第一个事实：
就是山长当年看到传武，看到太极被徐某攻击是骗子，认为只有现代格斗，西洋格斗才有真正实战能力，而一众传武大师两年了，都没有对徐某做出任何像样的回应，传武不能打的名声反而越来越大。山长为了捍卫师门的荣誉，才站出来成立清一武道馆，用传武去击败现代格斗的。山长的确是这样做的第一人！S某人本来也拥有这种机会，但他拒绝了，他不敢去挑战现代格斗，不敢去挑战徐某东！也不会教弟子来击败现代格斗，找了种种理由来为自己推脱。
第二个事实：
山长不仅仅去做了这件事情，而且做得很成功！比如最近一次的泰拳全国锦标赛，我们在决赛中，击败了所有现代格斗训练机构出来的拳手，
拿到了金牌总数和奖牌全国第一！
我们以仅仅几十个拳手的武道馆，却击败了拥有数万名武术专业学生的学校。而且山长的学生，已经大批量进入了国家队，参与世界级的竞赛，
今年就入选了9名队员！
仅仅从这个结果，说山长是中国的传武实战第一人，是一个清晰的事实，毫无吹嘘的成分！
在S某人的眼中。他看不到山长对传武，对中国格斗做出的贡献，他只看到自己的失落。看到了一个“武功不如他”的人，获得了中国人广泛的尊重！他很失落。
他跑来恒大这里，他说想跟山长比武（他的原话是要来揍山长），想来打败我们这些冠军，来证明他的“强大和第一”，结果却弄得自己像是一个流氓和混混！
我反省我自己：
是不是也像S某一样，想要通过击败强者来证明自己？
比如我原来的签名：2028年拿到世界冠军，2029年击败天心。
那么，我跟S某是一样的吗？
我认为不是。
S某的行为，不是荣誉，更像是流氓滋事，是出来丢人现眼。
我的签名，是捍卫传武的荣誉！
我用【向那须川天心挑战】的方式，表达对他的尊重，以及对自己的激励！虽然，如果真的实现了这一天，我肯定会获取巨大的荣誉，还有巨大的名利。但我更希望将这份荣耀还给老祖宗！
而且山长一直说：等我真有了这种能力之后，才会去安排这种比赛，而且他还需要拿出至少上千万的出场费，才能请天心出场。因为此战，我可能会夺走了天心积累多年的荣誉，我需要补偿他的名誉。如果我要求天心免费跟我打一场比赛，甚至骂骂咧咧的贬低和嘲笑他，就是耍流氓。他和他的团队，肯定是不可能理睬我的！
我已经跟世界同级别女子中最厉害的拳手对战过，并不相上下，我只是需要打的更漂亮一点，赢得更轻松一点！
未来三年，在没有对手的情况下，我超越自己的目标，就是要击败男子职业拳手了，甚至是——要击败男子世界冠军！
我不是在叫嚣，我正在做，我们都在做，下个月，大家就会看见我们开打职业赛事——与男拳手比赛。
三年后，用传武去击败男子世界冠军，我认为是一件正常的程序。
如果实现了这个目标，我真的希望有机会和天心，或者与他同级别的世界级高手打一场比赛。
我会报着最感恩的心，感谢天心愿意和我比赛。我更愿意与他成为朋友，无论胜负！
我想：
这与S某人，想跑来跟山长比武是一样的吗？我认为绝对不是。
如果我像S某人一样，每天在网上写东西去骂天心，去贬低天心，去污蔑天心，去编造天心的谣言和故事。我相信：无论出多少钱，天心都不会理睬我的。因为天心肯定会认为：我是一个流氓和混蛋。跟我比赛无论输赢，都是他的耻辱！
只有一种情况下，他会和我比武，就是如果有一天，我是中国最被尊重，最被喜欢和热爱的拳手，他是日本最被尊重和喜欢的拳手！
而且：中国人和日本人，都喜欢看到我们两人的决战。
我还对他表达足够的敬意，希望和他比赛。
并且还有丰厚的参赛奖金的时候，天心才可能答应和我比赛的要求。
否则：我想要接近他的唯一方式，就是做他的粉丝和小迷妹，但这不是我的选择！
S某人是这样做的吗？
没有！
他根本不懂什么是尊重！
不懂什么是荣誉！
他只懂打打杀杀！只懂江湖混混的手段！
他不知道传武的荣誉和责任。
而我的目标，就是要用文明的赛事，用击败现代格斗手的方式，来捍卫传武的荣誉！而不是像江湖混混一样除了打打杀杀啥都不会！
我还问过山长：可以转眼之间就击败我们这些冠军的山长，真的打不过S某吗？因为我看S某也就一其貌不扬的老头，完全没有武功大师的风范。
山长就笑了：
“每个人都有自己的优势，比武也有很多种比法。用自己的优势去比对方的劣势，谁都可以赢。
你在站立格斗上，现在可能全世界的女子都已经不是你的对手。
但你去打地面战，可能一个毫无名气的拳手就能击败你，因为在这个规则上你还是新手！
如果用S某擅长的方式来跟他比武，我们谁也打不赢他！
但如果用他不擅长的方式，谁都可以赢他。
比如你想要击败孙某人，也一点也不难！”
我很吃惊，真的吗？认为山长可能是乱说的。毕竟别人练了几十年功夫，山长原来都说自己打不赢他，我怎么可能打赢S某？打他的徒弟，我们倒是有绝对的信心，男女都可以打。
山长就说：“你们这批冠军，体能素质都很优秀，这是S某根本不可能比过你们的地方！如果规则规定：你和S某人比赛的方式，就是像军事五项比赛一样，先在规定时间内跑完一千米障碍物，越过100米的水面，再来你们两个马上开始比武，他绝对就输惨了。因为S某的体能早就垮了，只能让你想怎么打，就怎么打了。
就算是不跑步，直接比武也是一样。如果在围栏中比，你们估计都没有希望。
但换个方式，你们又都可以赢他。比如你们这批冠军，选个很宽大的场子，让你们都带上全套的护具，打拳击规则，比如打12回合赛制。你们就用游斗的方式，不断去消耗他的体能，让他的优势无法发挥，你们都可以轻松取胜的，他还能牛什么？
还有，他的小腿胫骨，是没有练过的，传武不练这一项，而你们打泰拳会练小腿胫骨的打击力和抗击打！
你们就专打他的这个地方，打了就跑，打中打不中都跑。总有击中的时候，任何强壮的武者，也很快就会失去战斗力，还怎么跟你们打呢？”
所以：武术比赛和对抗，本质上就是基于规则的比赛！规则不同，结果就不同，因此武林中，没有谁拥有“无敌”的打遍天下的本领，我们在锦标赛上没有对手，我们也绝不敢在其他地方妄自称大。
有些传武人，根本就不去研究赛事的规则，总是臆想别人会用他擅长的方式来跟他玩，就像美国总以为伊朗会用美国的方式来对决一样，其实：真实的世界不是这样玩的！
因此：千万别用自己的优势去幻想自己天下无敌。一物克一物！
生生不息，彼此尊重，这才是天道！
最后，说一下S某人诬陷造谣我是某人的小情人的事情！
他可能不会知道：他将因此至少遭遇两场官司。
大家就等着看结果好了！我不会选择和解的，律师会帮我认真的走完司法全流程！
在动物看来，生命中唯一可做的事情。就是吃和繁殖！
在某些动物一样的人看来，男人和女人能够拥有的唯一关系，就是性关系！
我为这些人悲哀。
他们生而为人，却不懂得人与人之间的关系，完全可以超越动物，可以更加的美好，更加的优雅和智慧。
山长还提醒我们全体的公主：
我们追求最美好的荣誉，我们想做国礼，但别忘记世界是有阴暗面的。
有一些比动物还不如的人是见不得光明的，是看不得别人优秀的。他们会用各种方式，来给你们的荣誉泼上污水！让自己污水一样的人生，才显得不那么的令自己厌恶，获取心理平衡。
社会标准上，对于男人来说拥有情人似乎是一种值得炫耀的事情！
但对于一个追求卓越的女子来说：拥有不良的两性关系，污蔑我们是谁的小情人，就是毁掉公主高贵形象最污的水！
因此，山长要求我们：即使是最正常的男女关系互动，公主们都必须注意避嫌，公主们绝对不能单独去见某个男性，不管是男学生还是男老师，因为有人就是喜欢捕风逐影的造谣污蔑！就像S某一样。
因此：几年前在我在山长家里的时候，总是有小明慧在陪着我；山长带我出行的时候，总是会为我安排同伴一起出行，即使这样费用会高一倍。
山长要求所有的公主都一样，要学会像保护自己的眼睛一样保护自己的名誉。要求自己的一切行为，都必须在伙伴们一起完成。
就是因为山长知道：永远会有S某这种无底线的混混，喜欢去编造黄谣。因此我们现在从小就要注意日常起居行为，将来才能不给任何人留借口！
因此，我代所有的公主公告大家一句话：
如果有人敢学S某一样，去造我们的黄谣，我们的父母和平台，都会彻底追究到底的！
即使你用匿名来造谣，我们也一样能够找到你的真身所在，别以为你们真的是隐形的。
我相信一些自以为匿名的清黑，很快你们就会收到法院的通知！
清一平台已经正式设立了法务部，清一公主们都是平台法务部的重点保护对象。请清黑们自重，不然就让司法部门来捶打吧！"
16,专栏文章,"清一新教育
 | 顶着“天下第一”的盛名，就一定是一所好学校吗？—— 今日塾到底是一所什么样的学校？",https://zhuanlan.zhihu.com/p/2068979222346045197,进击的清粉,wei-miao-shi-15,https://www.zhihu.com/people/wei-miao-shi-15,,224,HIGH,假武术/无实战能力/花架子、骗子/圈钱/洗脑/割韭菜/套路,神依然在她身上燃烧，只要有机会上擂台打锦标赛，她就会非常开心。今年 | ，不吃不喝了。 但她还是坚持要上擂台——原来是为了兑现跟学生重返擂 | 实：新教育既不是骗子，也没有在吹牛；新教育学生要上名校，不是高攀,"作者：今日塾 赵刚
到底什么样的学校，才算是一所好学校？
是学生的学业成绩优异吗？是学生的心理行为优秀吗？
是教师的教学水平高吗？是教师团队的合作能力强吗？
是家长对孩子的学业与心理素质都感到满意吗？
事实上，无论是以上哪条指标，都是我们今日师生一直以来所追求的目标，而且也正在一一成为现实。
很幸运也很感恩：在山长和刘老师的引领下，在家长们和清粉们的支持下，今日20多年来，一直都保持着新教育圈“天下第一”的名誉。
那么，在“天下第一”这个标签之下，今日塾到底是一所什么样的学校呢？
这应该是很多人都感兴趣的话题，我们也经常听到有人在打听答案。下面，我们就来回答一下这个问题。
一、今日塾学生的表现如何？
作为一所学校，学生的表现是教学质量最直观的体现。否则，纵使拥有全世界最完美的教育理念，也难免会遭受质疑。就像中国足球小将的创始人董路，他一直认为自己拥有中国最好的足球青训理念，但在相当长的时间里都被疯狂质疑甚至谩骂，直到他带领的足球小将拿到了青少年杯的世界冠军，大家才开始正视并认真研究他的足球理念和培训模式。
作为今日塾的教师，我们当然认为山长开创的新教育理念是世界上最好的。但关键在于：我们能否用最出色的学生培养成果，来印证新教育理念的先进性？
虽然，结果好不一定等于理念好，但理念好一定会导向结果好。在坚守和践行新教育理念的同时，如何让这片理念的土壤中长出最璀璨的果实，正是今日塾一直追求的目标。
很幸运，在二十多年办学经验的基础上，我们已经结出了足以让所有质疑者们，尤其是心机派和无脑派清黑们闭嘴的绚丽果实。毕竟用结果打脸，才是最能让人闭嘴的。 
（一）今日塾学生的SAT成绩”世界第一”，连年创造新记录
1. 2024届：示范班首创惊人记录
往前数三年，今日塾2024届毕业生，是大家都知道的B站“网红班”示范班。这个班级承担了为新教育做教学示范的重任，连续四年每周发布视频，更新学习进度和当周教学情况，堪称今日内部教学“秘籍”大公开。
难道我们不怕被打脸吗？提前四年，从第一年的突破班开始，我们就公开宣称：要三年学完十二年，要在第四年以优异的成绩通过美国高考SAT，以帮助学生进入世界名校。何况事实上，这批学生入学时，很多人英语还是零基础。
作为一个全程进行教学直播的班级，说实话大家压力都很大。这个班不仅要面对家长们的监督、线上几万粉丝的关注，线下还要参加平台内部的三校PK。但也正是这种压力，极大地激发了示范班的荣誉感和责任感。全班上下都清楚地知道：自己不是一个人在战斗，也不是只为自己在战斗！
最终，这个班创下了新教育的全新纪录，一举稳定了当时新教育家长们的“军心”，让大家看到了一个事实：新教育既不是骗子，也没有在吹牛；新教育学生要上名校，不是高攀，而是水到渠成的事情。
以下是今日塾2024届毕业班示范班所创造的辉煌成绩：
（1）全班SAT最终平均分1474分，取得1500分以上的学生比例高达50%，1400分以上的比例高达89%——远远超出了所有人的预期！要知道，只要考到1500分以上，就已经达到了哈佛、耶鲁等世界顶级名校的录取成绩要求。
（2）因为示范班和平行班的成绩远超预期，达到了美国常春藤名校的录取成绩标准，山长特别在清一大学开设了“常春藤冠军班”，旨在培养文武双全、能够考取美国藤校的学生。
照片墙上的示范班学生（部分）
（3）那么，示范班的毕业生进入冠军班之后，表现又如何呢？
截至目前，今日塾2024届和2025届毕业生们，在练武不到两年之后，就已经拿到了全国格斗锦标赛4金、6银、3铜的好成绩，正在努力去接过武道馆和公主班的接力棒，有望在不久的将来登上世界级赛场，在国际舞台上展现太极格斗的风采。
谢蓝萱：MMA金牌，K1银牌
张珈源：MMA银牌，K1银牌
徐雨涵：MMA银牌，泰拳铜牌，K1半接触铜牌
谢迪安：MMA金牌
刘怡兰：MMA金牌
陶嘉宁：MMA金牌
王林畅：泰拳银牌
刘明静：MMA银牌
张博川：K1半接触铜牌
不过，这些学生们说MMA综合格斗锦标赛虽然也是国家体育总局主办的最高级锦标赛，但竞争不够激烈。所以，他们这个暑假正在集训，还要再参加8月中旬的青少年泰拳锦标赛。祝他们好运！
（4）在冠军班，除了练武之外，原示范班的毕业生们还以藤校录取要求为目标，继续强化各科目的学习。在今年美国大学先修课程（AP）考试中，他们大规模取得了各自所选AP课程的满分（5分）；多位同学首次参加新托福考试就拿到了5.5分的高分（满分6分）。可以预见，到明年春季，这些学生被世界名校批量录取的好消息就会陆续传来。
事实上，当年未能进入冠军班的两位示范班毕业生，去年已经通过自主申请拿到了世界名校的录取通知书，今年9月即将赴美留学。所以，他们的冠军班同学，再加上拥有国家级格斗比赛的奖牌和AP、托福等学术成绩，要拿到名校的offer不是更加轻松吗？
详情请点击：
喜报｜2025早申季：今日毕业学子，小试牛刀，捷报频传！
1、袁同学被美国顶级私立文理学院玛卡菜斯特学院（MacalesterCollege）录取，并且专业让他自由选择，还获得了12万美元的奖学金。
2、黄同学被美国伊利诺伊大学香槟分校（UIUC）的计算机科学专业。该校US全美综合排名第33名，计算机科学专业全美第二。
2. 2025届：创造班级SAT平均分最高记录：1515分！
那么，有了示范班这一届“珠玉在前”，下一届学弟学妹的表现又如何呢？他们是甘于“一届不如一届”，还是能完成“长江后浪推前浪”的壮举？
说实话，当示范班在2024年6月考出SAT平均分1413分时，25届的这批学生全都信心满满——大家都觉得我们至少要把平均分拉到1450分，所以很有希望超越这个成绩，为新教育再创新的纪录。
然而，没想到，当示范班经过一个暑假的继续备考，将SAT平均分拉升到1474分。此时，即便是最激进的学生也不得不感叹：学长学姐真是太牛了！于是大家调整了心态，把目标定为“全班平均分达到1450分以上”，用踏实努力的耕耘，取代了最初想要超越学长的兴奋。
当然，大家心底还是想挑战一下最高峰。当时我们知道中国大陆的国际学校SAT平均分最高纪录是1490分，由南京外国语学校创造。不过老师们一直在引导学生们：踏实为上，谦虚为要。
结果，25届毕业生交出的成绩让人惊掉下巴。在校训“谦虚守正”的指引下，25届毕业生直接将班级平均分拉升到了空前的1515分！全班1500分以上的比例达75%，1450分以上的比例达100%。（这是25届毕业1班的数据；毕业2班平均分也高达1503分，1500分以上比例71%，1450分以上比例94%。）
25届毕业班  截止25年9月的成绩（未包含陈YL同学在10月份考到的1540分）
这个成绩不仅超过了中国最好的国际学校，在世界范围内也难觅对手。尤其需要注意两个前提：我们的学生仅学了四年英语，且最大年龄只有15岁。放眼全球，确实找不到可以叫板的数据。最直接的佐证是：连AI都认为这个成绩不可思议，判断只有可能是天才班才做得到，甚至“温馨提醒”这很可能是骗人的。哈哈。
成绩过于优异的结果就是：25届的绝大部分学生，都如愿考上了冠军班。那么，他们在冠军班的表现又如何呢？
进入冠军班后，这批学生在司启彤指导和陆韵如、钟熙媛两位公主的带领下，一边练武，一边创造了惊人的小语种突破记录：短短三四个月时间，就快速达到了日语N2，甚至N1的水平，又一次刷新了新教育的小语种学习纪录。
 3. 2026届：创造新教育SAT最高记录：1590分！
好的，现在“压力”来到了26届的毕业生——也就是今年这一届  ^_^
为了避免这届学生压力过大，老师们都提前形成了共识：大家在6月把平均分考到1450分以上，8月把平均分考到1500分以上就很好了，毕竟已经远远超越了开拓者示范班。山长也说过，以后的班级都以示范班的成绩为参照，我们并不需要次次都超越最高分。上一届算是一个意外的惊喜——其实，当时大家只是专注于好好学习、好好运动、好好提升自己，并没有刻意去追求那么高的纪录，但老天却给了我们这样一份厚礼。
所以这一届的目标很朴素：考上冠军班，让自己的SAT成绩和心理行为素质都能够匹配冠军班的要求就可以了。
结果，今年6月，26届毕业生又一次创造了新纪录：直接刷新了新教育的SAT最高分——1590分！班级平均分也达到了预定目标1450+，1500分以上比例超过50%，已经超越了示范班的同期成绩。而且，他们中间还有不少学生在备考8月的官考，大概率会将平均分进一步拉升到1500+，继续延续“长江后浪推前浪”的势头。
那么，今日塾连续三届都能够创造高分记录的秘诀是什么呢？
是靠刷题吗？
要知道今日塾连续三届都在恪守三个月备考期的原则，备考期之前老师不给SAT真题的，目的是让学生们更注重基础积累。
所以，高分的秘诀，其实靠的是从思维信念、心理行为到学习习惯养成的一整套教学系统。
欲知详情，请点击观看视频：
不卷的奇迹
2026届毕业生创造的SAT高分记录
其实，当全班的1500+ 比例达到50%之后，按照平台内部的三校PK规则，就已经算自动胜出了。因此，老师们也在引导学生：没有必要继续刷高分，可以把暑假时间用来去做更有价值和意义的事情。
结果，这一届毕业生在这个暑假，做了一件非常有勇气、非常有价值，同时也特别考验综合素质的事情：在家长的组织与带领下，自行组建“少年英雄护校团”，以实际行动保卫母校平台！这个团队内部有严格的筛选考核，有27人报名，但只有12人入选，其中9人都是今日塾的毕业生。以下是他们写的护校宣言链接，欢迎大家去点赞支持。
少年同心，正道长存！——护校少年英雄团  王浩宇
文章节选：
我的愤怒背后，其实是因为一份热爱与感恩。今日学堂，是我生命的转折点。
我很感恩我的妈妈。她在我3岁时就接触到了山长的教育理念……然后从外围到了今日。
我一年比一年更喜欢今日：很感恩今日的老师们。刚来的时候，我遇到了很多问题：不自信、在团队中没有存在感、总是招惹别人等等。多亏有郭导，4年来一次次的聊天、班会、课程、还有各种学习安排。这些问题逐步被解决。
以少年之心 护学堂之明！——护校少年英雄团 咸博琼
文章节选：
我们深知，这条路不易。但我们更相信，千千万万普通人心中的正义没有消亡。我们这一代少年，读圣贤书，立天地心，绝不向邪恶低头。我们愿以少年的赤诚，点燃更多人心中公正的火把。请记住我们，护校少年英雄团。为了母校，为了真相与公道，我们将坚持到底，直到正义重申！
恶行难匿 公道必彰！——护校少年英雄团 陈柏润
莫让“雄黄”毒，染挚爱母校——护校少年英雄团 叶一润
 
以少年赤诚，守护文武双绝的母校沃土 ——石宜兴
少年护校，绝不退让！——护校少年英雄团 胡启岩
清妖不退，少年不休！——护校少年英雄团 何明智
我们的学校，绝不让步！——护校少年英雄团 滕宇骐
微光不灭 守护之心不渝——护校少年英雄团 李疆拓
那么，明年的27届毕业生，又会给我们带来怎样的惊喜与故事呢？
敬请期待！
今日塾毕业班，像“刷题狂”吗？
（二） 除了成绩之外，今日塾的学生还会什么呢？他们的心理行为素质怎么样？
相信通过上文的介绍，读者已经能够强烈地感受到今日学生身上的精神内核。他们不仅在SAT考试、AP课程等学业领域不断追求卓越，而且在冠军班练武、参加国家级格斗锦标赛以及参与护校行动等方面，表现同样可圈可点。应该配得上文武双全，智勇双全的称号吧？起码在全球同龄人中，是完全配得上的！
正是在这种精神内核的驱动下，今日人才展现出了共有的进取气质，也才得以不断创造出一个又一个令人惊喜的纪录。
其实，这种精神说穿了也并不神秘，就是今日校训中所说的“天下第一心，谦虚守正行”的信念——这是今日人所要共同遵守与践行的。也是在今日的大环境中，学生们会自然浸泡习得的。
2022年，山长把“战狼今日塾”的校名和“天下第一、谦虚守正”的校训建议给我们之后，今日师生如获至宝，将其视为致胜心法。因为在此之前，今日塾虽然也从未输过，但“精神属性特质”并不突出，在三校之中除了“第一名”这个标签之外，缺乏更鲜明的辨识度。而山长所给的校名和校训，恰好精准地概括和诠释了今日塾的追求与信念。去年，刘老师建议将校训拓展为四句，于是我们定下了“战狼今日，天下第一；谦虚守正，互济同心”——这十六个字，就是全体今日人的追求与行动指南。
具体来说：“天下第一”不仅指今日目前的地位，更强调的是我们的内在追求——追求卓越，追求极致，每个人都要去创造属于自己的纪录。所以我们又称之为“天下第一心”。这种精神重在“心”，而不在于“形”。因此，即使是排名靠后的学生，同样拥有很强的动力——因为只要找准自己擅长的领域，踏踏实实地耕耘，每个人都有机会做到该领域的顶尖水平。
“谦虚”，是指不狂妄自大，不因为现在是第一就可以躺平松懈，永远不要低估对手与自己要挑战的对象（比如SAT考试，全国格斗锦标赛等）。正因为抱有这份清醒，我们才得以每一年都全力以赴。“守正”，是指锁定目标走正道，也指坚守正直与正义的价值观。
至于“互济同心”则很容易理解，就是强调加入任何一个团队，只有“互帮互助”加“上下一心”，才能实现团队的集体目标。而且这个原则适用于所有团队形式：上至国家、民族，下至学校、家庭、班级等。
正因为有这样的信念，所以今日塾学生们即使在备考时间最紧张的时刻，都依然习惯了互相答疑，互相帮助。否则，我们连续三届每届毕业班都有30多个学生，光靠老师是不可能对每个人都进行针对性的讲解与细致的查漏补缺的。所以，今日每年的平均分那么高，其实很依赖于学生内部的互济精神。
今年，我们将校训中的精神和追求进一步延展，创作了今日塾最新的校歌——《今日少年行》。相信已经有不少知友听过了，很多人在评论区留言说，这首歌不仅好听，而且特别受触动。
知友评论：
李安心：这哪里是一首歌？这简直就是发电机嘛，当电力不足的时候，听一遍，充电80%，听第二遍，充电满格！
刘晓红：听得豪情满怀、荡气回肠！战狼今日，天下第一！
咸会涛：果真一听就上头，连听三遍，酣畅淋漓，如痴如醉！今日人的精神、情怀演绎得淋漓尽致。
其实，在校歌发布当天，现场的师生们无不为之感动。尤其是已经进入冠军班的今日毕业生们，回母校参加毕业典礼时第一次听到校歌，就感到非常激动与兴奋，仿佛身上的今日人DNA都动起来了。其实，这首校歌并非全新的创造，它只是把今日人早已拥有的精神与信念进行了形象化的提炼，用合适的文字表达出来而已。在没有校歌之前，歌词中所承载的内容和精神，早已是全体今日人深入骨髓的共同信念了。因此，如果您也喜欢这首校歌中所传递的精神，那说明我们本就是“同道中人”——很高兴遇见你！[握手]
线下发布之后，不断有人来询问何时在线上公开发布。请点击以下链接试听：
点击链接：
今日少年行 -- 战狼今日塾校歌发布，你的少年心气DNA动了吗？
歌词节选：
少年少年
你为何立在朝霞旁
少年少年
你为何眼底有星光
少年少年
你为何不甘平庸不张狂
有时伏来有时昂
少年少年
你可曾胸怀天下想
少年少年
你可曾长存将气在心房
少年少年
你可曾听过百年故事千年愿
中华再辉煌
……
少年，少年，你为何站在朝霞旁？
写到这里，秉承前文说过的“既要讲理念，又要有成果”的原则，下面就来列举一些今日塾师生在学业成绩之外，在心理行为教育方面所做的过程和成果。
1、今日学生的进取心
（1）
吴佳睿：我如何在最后一名中定义卓越？
简介：在一个“天下第一”的团队中，做一个“垫底辣孩”是一种什么体验？排名靠前并非定义“卓越”的必要条件，只有自己的心是在追求卓越的，那么自己就是一个卓越的人。
本演讲视频在视频号上的播放量已上万，引得了众多圈外网友的共鸣与点赞。
（2）
勇夺三金四银是什么体验？从学霸变勇士：我们的斯巴达荣誉征程！
简介：年龄太小，参加不了格斗锦标赛怎么办？我们去参加斯巴达勇士赛。目前记录已经更新至：7金7银了！本视频记录了摘金夺银的精彩瞬间，让你一览斯巴达勇士赛的激烈赛况。
（3）
包揽金银铜！DEKA青少年体能竞赛·今日塾荣登全球排行榜
！
2、今日学生的感恩心
（1）
泪目！毕业典礼上，学生送给老师的秘密节目
（2）
感恩有您 | 刘老师，我们想对您说…
3、今日学生的孝心
（1）
歌曲改編：陪我长大 | 亲爱的妈妈，永远爱你~
（2）
演讲致敬：韦德名人堂演讲 | 爸爸我爱你
！
4、今日的素质教育实践
（1）
原创幽默小品：四个脑子一台戏——SAT考场心理大揭秘
简介：这是毕业班在毕业典礼上的小品，获得了满堂彩。关键是这个小品是学生们自编自导自演的，编剧和导演是叶一润同学。不管是小品的创意、灵巧的构思，还是对考场心理的敏锐捕捉，直到最后的准确表演与呈现，关键是在排练过程中的组织与互相配合，都体现了今日塾学生极高的综合素质。
（2）经典名著演绎：14岁的今日学生能演好《傲慢与偏见》吗？
简介：这是挑战班二年级学生演绎的名著舞台剧。如果您也看过《傲慢与偏见》的原典或影视剧，不妨来看看他们演得怎么样？
（3）
日语歌曲演绎：挑战班一年级的日语学习汇报演出
简介：一年级学生从零基础开始学了一个学期的日语，并参加了7月份的日语等级考试，虽然成绩还没有出来，但在内部的真题测试中，已经有多位同学达到了日语N2级别。等官考成绩出来，就将创造新教育最小年龄通过日语N2官考的记录了。
（4）
中层素质教学设计 | 把学生扔进城市寻找最快乐的人？一场关于社会阶层的探险
（5）
灯光亮起，布景搭好，出发19世纪的伦敦...迈向远大前程
简介：以上两篇是突破班学生的素质教育实践。毕业班和高年级学生之所以能有这么强的综合素质与变现力，根源于今日塾从入学第一年的突破班阶段开始，就对学生进行了系统的综合能力培养。
突破班《远大前程》剧照
今日塾学生除了能够对外展现令人印象深刻的演出和让人不得不尊重的SAT高分成绩之外，他们的内心世界又是怎样的呢？
他们是一入学就是“天赋异禀”，还是有赖于这四年的教育与培养呢？不妨去看看学生们自己写的成长回忆吧：
推荐阅读：
吴优：今日塾让我活出了自己——从Sally到Clarice
文章节选：那道栅栏，是别人的看法，是我给自己画的圈——我不行，我动作太丑了，我天生不是这块料，我不能让别人不喜欢我。
但现在，我不在栅栏里了。今日给了我冲出栅栏的契机——它让我知道，原来栅栏外面有这么大的世界。老师给了我冲出栅栏的力量——他们一次一次地告诉我“你可以”，在我掉回去的时候伸手拉住我。还有一群和我一起奔向未来的伙伴——45天徒步大家一起咬着牙走完，备考的时候互相讲题、互相加油，摔倒的时候有人扶，跑不动的时候有人喊。
吴佳睿：“今日只会出分”？ 身为今日毕业生的我如何看待此事？
文章节选：
老师还对我说过一段话。他不仅帮我找到了优秀的定义，更是推翻了所有人对于“优秀”的传统认知：
“到底什么才是真正的优秀？在大多数人的世界里，都会用3样东西来衡量成功：成绩多高、多受欢迎、有多少好东西。但在我看来这些不是真正的优秀。真正的优秀是活出你选择的身份——它靠三样东西：清醒、诚实、负责。也就是：你清楚自己想成为谁，对自己完全诚实，并愿意为这个选择承担所有后果。”
王佑幼：今日四年，我在这里长成了自己的样子
文章节选：
写到这里，我想对每一个读到这里的你说：这不是一个遥不可及的励志故事，这是一个普通女孩一步一步走出来的路。 
如果你也在迷茫，或也在害怕犯错——我想告诉你：如果不去找到自己真正想要的，你可能会一直活在别人的期待里，把一生交给别人来安排。而如果你找到了它，并接受路上所有的""礼物""——你会发现，那个曾经完美主义到差点把自己送走的女孩，也能在四年后，坦然接过生活递来的所有不完美——因为每一件“不完美”，都是让她走到今天的、实实在在的礼物。
宫玥怡：历史最难SAT考试一个月提升180分，这背后究竟是什么故事？
王浩宇：4个月SAT 1590！今日带给我的绝对远超分数……
覃菲悦：四年，一个人可以变得多离谱
如果想看更多，请点击阅读：
袁思琪：不是因为我卷，而是因为我站在这里
袁乐芯：毕业前，我问了自己最后三个问题
侯玉泽：今日带给我的三个礼物
咸博琼：致今日的四年——怀着赤子之心，作出无悔的选择
叶一润：今日漫游指南
钟昌恒：SAT成绩之外，今日四年送给我的五个礼物
……（因为篇幅原因，就不放更多链接上去了）
8月17日添加更新：这是今日2024级挑战班孩子们的成长记录：
今日三年给我们带来了什么收获？（系列上）
今日三年给我们带来了什么收获？（系列下）
二、今日塾的教师是怎样的？
在全体老师的共同努力下，今日塾已经取得了非常耀眼的成绩。但我们也清楚地知道：做教育永无止境，我们不可能是完美的，我们也不追求完美，但我们要求自己不断追求卓越，力求把教学做到自己能力范围内的最好。
1. 在今日塾是怎么做老师的？
今日塾在选择教师时，标准可以说非常严格。
首要的第一条就是：必须热爱教育。
什么是热爱？热爱不是嘴上说说，而是每一位带班老师都要能从日常琐碎的带班事务中，从与学生日常的互动相处中，就能够得到快乐与满足。我们认为，这样的老师，才是真正适合做教育的人。因为她们不需要等待最终结果的发生，每一天从做教育的过程中就已经能够得到充分的满足和正向的反馈——自然也就不存在“靠意志力坚持做教育”的问题。对她们来说，生活和教育是融为一体的，是自然而然的事。
所以，了解今日塾教师的人——包括那些来跟班旁听过的朋友——应该都能看到，今日塾的教师简直就像“超人”：可以从早到晚持续工作、持续带班，甚至在假期时间也义务为孩子们提供指导和教学服务。这不是靠校长要求的，也无法靠外力逼迫，完全是因为老师们在做这件事的过程中，自己就能感受到快乐和满足。你不让她做，她反而会觉得有点空虚。比如：
（1）今年毕业班的带班老师郭凌奇指导，刚带完节奏很快的毕业班、创造了全新的教学纪录，这边一放假，才过了两天，就投入到清一义塾的带班中去了。英子校长评价她充满热情与干劲，而且很喜欢参与各种竞争性活动。
（2）新一届毕业班的带班老师明仪指导，我们劝她趁着假期多休息一下，为下一届带班养精蓄锐。但她坚持说自己最多休息两周就够了，之后就要返校去指导在磨丁自行抱团的学生们。在我们团队的一再劝说下，她才勉强答应再多休息一周。
（3）挑战班一年级的蔡凯琪指导，整个暑假都和木兰们及公主班一起训练——因为她是目前唯一一位在三校任教的清一木兰，木兰精神依然在她身上燃烧，只要有机会上擂台打锦标赛，她就会非常开心。今年7月份又去武道馆集训，并参加了2026全国泰拳锦标赛并获奖。
（4）突破班的刘雨辰指导，更是我们团队内部公认的“超人”。她每天可以处理超多事情：白天带班带运动，不忘记录学生的点点滴滴；晚上还要写知乎、给学生做视频、帮团队剪辑视频等，简直是一个人干两三个人的活。每当有人问她累不累，压力大不大的时候，她都表示自己乐在其中吗，因为整理学生的资料与照片，对她来说就是一种放松方式。
（5）还有，刚带完毕业备考班的明舒指导和戴灵睿指导，现在已经与宁波、厦门假期备考抱团点的学生们在一起了，帮助学生们再战八月的官考。而被学生们戏称为“SAT女王”的盛静美指导，她更是会利用每个假期都对高年级的学习教材进行升级与更新。
看到这里，你是不是对来今日塾做教师望而却步了？
其实，这些行为并不是校长要求的——校长也没有那么大的权力和威望，能让老师们如此用心与努力。这一切完全源于老师们自己的追求与热爱，是自动自发要做的事情。有时候，大家劝都劝不住。
所以有句话说得好：做任何事情都一样——会者不难，难者不会。
正是在这种热爱的驱动下，今日塾的老师们虽然普遍年轻，但个个都成长得很快，带班能力看起来十分老练。比如郭凌奇指导，五年前才接触到新教育，来今日之前几乎没有相关经验，但她现在已经成功地带完了一届毕业班，成为深受家长拥戴和学生爱戴的优秀教师。
2. 今日塾教师是如何进行团队合作的？
有道是：没有完美的个人，只有完美的团队。
虽然今日的教师个个都很能打——证据是每一年都能够创造全新的教学纪录——但这并不意味着老师们喜欢单打独斗。恰恰相反，大家都更喜欢也很依赖团队合作，让每位老师都能发挥自己的特长来帮助学生。
这既是一种团队氛围，也是一种现实需要。因为要帮助学生考出理想的SAT成绩，不进行团队合作是绝对不行的。今日塾大多数是2.0教师，她们基本都没有什么应试经验，甚至缺乏相关学科知识背景。比如明仪指导和明舒指导，虽然一位是山长的文弟子、一位是武弟子，但她们从小就在新教育体系里上学，几乎不会英文，也不会SAT数学（因为当时是素质教育模式，完全不搞应试，所以他们就没学）。要让她们带领学生考出好成绩，仅靠学生自己肯定是不够的。因此，她们必须与盛静美指导、郭凌奇指导等其他老师合作带班。到了毕业班，我们的标配通常是三到四位老师共同负责一个班的教学——这已经成为我们行之有效的教学路径和经验。而且，并不是每个老师只管好自己那一块就可以了，而是每一位老师都自动将这个班的终极目标当作自己的目标。正因为如此，大家才能密切配合，让1+1+1远大于3，而非简单拼凑在一起。
那么，今日塾的这些教师自己又有哪些心路历程？今日的内部合作到底是什么样的？
请点击以下链接查看：
郭凌奇指导：人活一口气！三年，从憋气、生气到争气！
山长评论区留言：
郭指导做的很棒！教育其实很简单：就是把孩子教出来。而不是吹出来！……郭指导用四年时间来磨一剑、今天的成绩亮瞎WC的眼！
明仪指导580赞文章：盘点那些在今日被“PUA”的日子……
简介：
本文是明仪老师刚加入今日塾时的观察记录，呈现了今日教师团队内部是如何合作的，具有什么样的团队文化与氛围。
一所学校连续多届指导纷纷带出三校第一的班级成绩。是因为严格的业绩管理和压榨吗？真相与你想象的不同！卓越的背后绝不是压迫，而是德行与智慧并重的管理和支持！拥有爱与自由的教师，自然会给到学生爱与自由的教育！
另一个角度：
北大才女易轩老师的今日观摩记录：家，是一个什么样的地方？
简介：
本文是易轩老师在今日塾观摩学习时的文章记录，从另一个侧面描述了今日内部的教学日常和团队氛围。
易轩老师实探今日，十几天时间多次震撼落泪！是什么让她感慨感动，真教育原是如此？如何让倒数的学生也能成为社会上的佼佼者？不卷的奇迹背后，是一个怎样的支持系统？
盛静美指导：连续三年全班1500+比超50%是如何做到的？
简介：
今日塾的SAT备考“内幕”大公开——到底是怎样的教学方案和教师团队，才能创造世界级的教学记录？
盛导揭秘：是山长高屋建瓴的指导下，是带班老师细致入微的心理引导，是教师团队的潜心研究，通过独创的学习材料和方法，从底层认知上击穿SAT，让学生连续三年能在短短三个月备考期就拿下全员SAT高分。
刘雨辰指导：来自闭关师的前线体验，重重顾虑到惊喜迭出
山长评论区留言：
小指导的闭关一周总结，真的很棒。我们想要是实现的闭关学习的目标，就是这个---提高孩子的专注力，以及提升学习的效率。这就是素质教育和应试教育的结合！虽然是新的带班教师，但看你的文字，充满了对孩子们的关爱。这样的你，注定会成为一个优秀教师的！
蔡凯琪指导：日语教学的第一声回响！
山长评论区留言：
作为第一批清一木兰，在泰国打过几场职业赛事，也拿过锦标赛铜牌的凯琪，当初我告诉她：我认为她可以选择去带班，比她坚持练武会更符合她的天性！
当时凯琪是不相信的：怎么可能她没上过今日三校，却能去带班？我说：知识是很容易补充的，但她身上有很重要的品质，就是关心人。愿意做事，愿意帮助人！而且她的专注力很好，有毅力去克服困难，做到自己的最好！这是几年的武道修习，带给她的礼物！
讲台与擂台：最好的教育，是我亲自上场
简介：
从武道馆退役四年之后，要经过短短一个月的集训就重返擂台，难度可想而知！
当抽签结果出来是门内师姐妹内战之后，我们就建议过凯琪指导可以不用上场，就不用再连续数天持续减重，不吃不喝了。
但她还是坚持要上擂台——原来是为了兑现跟学生重返擂台的承诺，同时也是为了给学生做一个师范：清一木兰永不退缩！
赵刚校长：跟清一山长学习20年，我学到了什么？
简介：
今日塾赵刚校长跟随山长学习的心得体悟，里面有很多硬核的内部教师自我提升方法。
三、今日塾的学生家长对今日满意吗？
最后，以上说了这么多今日塾的理念和成果，但如果今日塾的家长不认同这一套、对此不满意，那我们也是很难持续发展的。
那么，今日塾的家长对教学是否满意呢？
话不多说，就请大家直接看今日家长的心声吧：
（1）
师者如光：今日2023级挑战班家长给老师的信
文章节选：
四年时光流转，昔日懵懂孩童，如今已成长为战狼少年。这份蜕变，离不开指导们四载朝夕，不倦的陪伴、包容与鞭策。孩子们在“战狼今日”共同走过一段，影响生命旅程的成长之路。今天，十七个家庭同心执笔，道出心底，无限感恩……
毕业时，今日家长非要赠送给老师们的牌匾
（2）
教育逆行路，行之5年，阶段总结
文章节选：
接下来说说 2年备考+5年入读 孩子取得了什么阶段性成果?学校用什么方法培养了这个成果？
总说：一个不用我们操心的15岁少年！
细说：1：独立自强的做事能力；2：相比较同龄人更富足丰盈的精神世界；3：相比较同龄人理性的思维能力；4：一身正气超级正向的价值观认知和懂得感恩；5：学习能力。
（3）
6年新教育，实现了我的教育目标
文章节选：
综上，新教育6年，我不仅实现了我16年前许下的三大教育目标，还买三送三，额外收获了其他品质！如果再给我一次机会，我依然会选择让她进入新教育，做一个眼里有光的灵动少年！
（4）
“同行一程，感恩一生”致今日塾老师
文章节选：
作为6月考试的带队家长和8月备考的值班家长，我有幸零距离跟老师、孩子们相处了一段时间，发现孩子们除了学习好，在做事、自我管理和团队合作等方面也是超过一般同龄人……
这段时间相处下来，发现指导们给了孩子远比我们父母更多的耐心、包容和尊重，孩子们在指导面前呈现的也是最真实的状态……这两个月我看到的只是冰山一角。在今日的四年，可以想象指导们付出了多少心血。这也是为什么孩子们在今日经过四年的学习，都有了脱胎换骨的提升和改变。
（5）
视频集锦：现身说法，学子心声与家长反馈如何？
简介：本视频前半部分是孩子们现身说法，后半部分是家长的反馈，可以一览今日塾的教育成效。
……
今日的家长们除了表达自己对学校的感谢之外，更是用实际行动，自发地组织起来，一直在做线上和线下的新教育推广活动，希望让更多的中国家庭能够走进新教育，享受最好的教育资源。
今日塾家长组织的分享会海报。想要了解更多，也可加微信13575936220萱小雅（家长义工组）
看到这里，
您已经看完了今日塾学生的学业成就和综合素质展现，
您也可以了解了今日教师的教育追求和团队合作氛围，
您也了解到家长们对今日塾教学成果的认可，您也可以随时找他们联系。
那么，今日塾到底是一所什么样的学校？
想必您心中已经有了答案，欢迎在评论区告诉我们。[抱拳]
点击访问：微信视频号·今日塾，这里有最精华的今日塾相关视频
点击查看：B站·今日塾，这里有最完整的今日塾相关视频"
17,评论区(主评),"清一新教育
 | 顶着“天下第一”的盛名，就一定是一所好学校吗？—— 今日塾到底是一所什么样的学校？",https://zhuanlan.zhihu.com/p/2068979222346045197,过俊杰,guo-jun-jie-65-74,https://www.zhihu.com/people/guo-jun-jie-65-74,2026-08-10 13:40:01,0,MEDIUM,骗子/圈钱/洗脑/割韭菜/套路,训练就自动有成果吗？我想这是在忽悠人，就像幻想躺床上就可以拿到世,"在中国如此”内卷“的环境下，如果我是家长，对于”卷“也会有一种敏感和担忧。因为卷代表【没有结果的低效努力】。
那最令人向往的，是无需努力、不用接受各种训练就自动有成果吗？我想这是在忽悠人，就像幻想躺床上就可以拿到世界冠军一样；
那是只要轻松，最终没有结果吗？这样恐怕连培养自食其力的普通人都实现不了，更不用说是精英了；
那是拼命努力，最终也有个好的结果吗？其实不少家长还是能接受这个局面的（毕竟很多还送孩子去体制上学呢），但总归不太理想。
而真正令人欣赏和尊重的路径，就是【结果优秀的高效努力】。
正如山长亲自指导的、已经取得世界级成果的清一武道，虽然也要付出很多踏实的努力，但相比各种内卷的体制拳手，已经高效很多了，结果也更加亮眼。
我想今日塾所追求的，和山长一样，是【结果优秀的高效努力】。仅以SAT为例，我曾在2025届全程参加了今日塾毕业班备考SAT的环节。教师和学生都恪守山长制定”三个月备考期“ —— 在备考三个月之前，任何SAT真题、备考课程都不用，而是专注于帮助学生做心理行为教育，以及提升英语、思维等基础能力。而三个月之后，出现了史上最强SAT成绩记录，1515分的班级平均分，不仅超过了美国第一高中，也超过了中国大陆所有的国际学校。
我想其实就是今日塾的一个缩影 —— 它既代表了对学生身心的爱护，代表了对”低效内卷“的极度谨慎，同时也证明了能够用高效的方式做出卓越的成果。从我的观察看，教师团队内心都认同 —— 如果能让学生有更多机会去提升长期素质和能力，尽量缩短备考周期，不需要花更多时间去”卷“一个结果，最终做出的成果又很亮眼 —— 这才是教师团队的荣誉。也是教师团队每年都在做教学更新升级的方向。
所以，今日塾到底是卷还是不卷？
我会说，它的”卷“，恰到好处 —— 既足以给学生充分的训练，塑造心理行为和提升长期素质，足以帮助学生做出能帮助他们立足社会、打开广阔天地的学业成果；但同时又对低效的努力十分谨慎，多一分都不浪费。"
18,评论区(楼中楼),"在
清一新教育
二十年，由“超级粉”到“专业黑〞的经历",https://zhuanlan.zhihu.com/p/1912866827991745894,陶梦泽,91-49-70-20-89,https://www.zhihu.com/people/91-49-70-20-89,2025-08-27 05:39:28,0,MEDIUM,骗子/圈钱/洗脑/割韭菜/套路,“专业黑〞的经历】的评论 不是传销组织吗？,不是传销组织吗？
19,专栏文章,"清一新教育
｜每位清一公主的内心深处都存在着两个“父亲”",https://zhuanlan.zhihu.com/p/2074853535364260037,守望者,zhivh8zilf,https://www.zhihu.com/people/zhivh8zilf,,19,HIGH,假武术/无实战能力/花架子、骗子/圈钱/洗脑/割韭菜/套路,缘亲情被不断弱化、消解。教主被神化为精神上的至高父亲，接管孩子的 | 孩子成长的亲人。但在这套话术的洗脑之下，血缘亲情被不断弱化、消解,"在清一新教育的话语体系里，被称作“公主”的女孩从小被圈养在外，不断灌输扭曲认知，她们会慢慢发现自己其实拥有两位父亲：
一位是血缘伦理上的生父，另一位则是作为精神之父的教主
。这从前天晚上爆出的那位“公主”的发文中不难看出，继血缘父亲的诉求之后，她还需要继续迎合那位精神之父的诉求。
血缘父亲给予生命，本应是亲情陪伴、守护孩子成长的亲人。但在这套话术的洗脑之下，血缘亲情被不断弱化、消解。教主被神化为精神上的至高父亲，接管孩子的思想判断，成为精神世界的绝对权威。
长此以往，孩子对原生家庭的依恋被剥离，思想依附于外部权威。血缘亲情被精神崇拜所替代，这是一种精神层面的异化。孩子慢慢丧失独立思考能力，把人生价值、是非判断全部交托给他人。
这种人为制造的精神父子关系，割裂正常家庭伦理，本质是精神控制的手段，对未成年人的人格成长造成深重伤害。"
20,专栏文章,"清一新教育
｜这个非法组织的最大软肋就是张某本人",https://zhuanlan.zhihu.com/p/2071680588105490846,守望者,zhivh8zilf,https://www.zhihu.com/people/zhivh8zilf,,24,HIGH,骗子/圈钱/洗脑/割韭菜/套路、新教育争议/误人子弟/毁孩子/伪国学,背后的违规办学、灰色收益、精神洗脑等真相将彻底曝光。 清一新教育 | 育多年的灰色运营，其所有伪装、套路与壁垒，看似体系庞大、层层闭环 | 育法规、精神管控未成年人、高额敛财、扭曲价值观等诸多问题，每一项,"纵观清一新教育多年的灰色运营，其所有伪装、套路与壁垒，看似体系庞大、层层闭环，实则唯一且最大的软肋，就是创始人张某本人。这个违规教育组织能长期隐秘存活、持续收割家庭、误导未成年人，根源不在于所谓独特的教育体系，而在于张某始终躲在幕后操控、从不直面公众与监管。
多年来，张某极力打造“教育导师”“智者大师”“投资大师”“传武实战第一人”的人设，靠网络文案、学员口碑包装造势，通过层层代理与核心弟子对外发声、承接招生、打理事务。他常年隐于隐秘办学点，辗转多地规避核查，刻意隔绝在阳光监督之外，从不公开露面回应质疑、接受核查、直面舆论拷问。
他深谙自身所有模式经不起推敲：无证办学、违背义务教育法规、精神管控未成年人、高额敛财、扭曲价值观等诸多问题，每一项都触碰法律与教育红线。一旦本人公开站在阳光下，所有虚假人设会瞬间崩塌，背后的违规办学、灰色收益、精神洗脑等真相将彻底曝光。
清一新教育的嚣张，全靠张某的“隐身术”支撑。只要揪出躲在幕后的张某，破除他的隐秘保护壳，这个毒害未成年人、欺骗家长的灰色教育骗局便会不攻自破。它所有的声势都是虚的，核心命脉完全系于张某一人，他不敢见光，便是其最致命的死穴。"
21,评论区(主评),"清一新教育
｜这个非法组织的最大软肋就是张某本人",https://zhuanlan.zhihu.com/p/2071680588105490846,小王,44-38-5-63-41,https://www.zhihu.com/people/44-38-5-63-41,2026-08-14 21:56:59,0,MEDIUM,新教育争议/误人子弟/毁孩子/伪国学,弟子什么颖，是不是也开了分校在非法办学,这篇能转发不啊。还有那个前弟子什么颖，是不是也开了分校在非法办学
22,评论区(楼中楼),"用亲身经历告诉你
清一新教育
怎么样？",https://zhuanlan.zhihu.com/p/683774073,行云流水,97-69-19-5,https://www.zhihu.com/people/97-69-19-5,2026-04-25 03:56:03,0,HIGH,骗子/圈钱/洗脑/割韭菜/套路,规则了解的越多，就必然远离清一邪教，凡是为孩子选择清一路线的家长,这个和有钱没钱关系不大，是认知问题，常识和规则了解的越多，就必然远离清一邪教，凡是为孩子选择清一路线的家长，妄心太大，知识结构严重失衡，导致判断力严重错位。
23,评论区(主评),"用亲身经历告诉你
清一新教育
怎么样？",https://zhuanlan.zhihu.com/p/683774073,chedaka,zhou-jian-fu,https://www.zhihu.com/people/zhou-jian-fu,2025-06-13 15:42:48,0,MEDIUM,骗子/圈钱/洗脑/割韭菜/套路,用当下流行的说法其是明显的私域割韭菜啊。,您这属实被坑的有点惨，我算是07-08年接触过一段世界，那是他还叫张健柏，也主要听他讲道德经，偶尔练练拳。后来和这个群里还保留着若有若无的接触。不过，当张健柏爆发“口信事件”，我就基本上把其拉黑了。用当下流行的说法其是明显的私域割韭菜啊。
24,专栏文章,"怎么看“
清一新教育
”和最近翻车的“如是书院”？一张画皮，两套马甲，同一套收割逻辑",https://zhuanlan.zhihu.com/p/2069089792630040557,箴茅,50-36-55-23-76,https://www.zhihu.com/people/50-36-55-23-76,,31,HIGH,骗子/圈钱/洗脑/割韭菜/套路,度堪比街头卖完大力丸就跑的江湖骗子。 “这哪是教育？这是把你的孩 | 其实很简单：前者是“高端出海版传销”，后者是“本土封闭版传销”。 | 海版传销”，后者是“本土封闭版传销”。 老板分别是张清一（张健柏,"答主：在教育圈踩过坑的人
谢邀，懒得展开，直接说透。
很多人分不清“清一新教育”和“如是书院”，其实很简单：前者是“高端出海版传销”，后者是“本土封闭版传销”。 老板分别是张清一（张健柏）和如平（赖泽明），两人没血缘关系，但收割逻辑一模一样：用“脱离体制”当诱饵，用“国学/精英”当滤镜，拿家长的焦虑当现金流。
先看清一系。张口闭口“颠覆K12”，其实就是让孩子去考美国的GED（高中同等学历考试）。这玩意儿原本是给没读完高中的成年人补证的，到了张大师嘴里就成了“碾压中美高考的神迹”。更别说那“百万共建费”，两百个孩子就是两个亿现金池。这钱买的是什么？是让家长自我感动的“爱国精英”人设，是切断孩子学籍后的“断尾求生”，以及一张大概率指向东南亚某特区、随时可能被当地执法部门清场的“单程票”。
再看最近翻车的“如是书院”。老板如平是个老熟人，2001年就因非法经营（传销）蹲过两年。出狱后换了个“国学导师”的马甲，专收厌学、抑郁的孩子。手法很糙但有效：收手机、收身份证、戒尺打手、关小黑屋“调整”。新昌县联合调查组已经进驻，但最讽刺的是，这种把“体罚”包装成“爱的棒喝”的作坊，居然能年收十几万学费，还被家长当成“救命稻草”。
两者的核心都在“控制”。张清一用“GED神话”忽悠高净值人群，如平用“戒尺管教”吓唬绝望家长。但剥开画皮，底色全是BITE模型：行为控制（退学、搬砖）、信息控制（屏蔽外界）、思维控制（独创话术）、情绪控制（制造愧疚）。
最恶心的是对生命的漠视。网上传九岁女童因零食被“调整”致死，虽未见官方通报，但光“十一岁男孩大太阳下搬砖打磨燥气”、“十六七岁‘2.0老师’上岗执教”这些实锤，已经足够触目惊心。张清一在关善祥事件后光速切割，冷血程度堪比街头卖完大力丸就跑的江湖骗子。
“这哪是教育？这是把你的孩子放进一个没有出口的玻璃罐，外面贴着‘精英培养皿’，里面灌满了导师的贪婪和家长的无知。”
真正的教育，从不要求你下跪，也不收百万“臣服费”。凡是让你退学籍、断联系、无条件服从某个“大师”的，全是骗局。如今如是书院被查，张清一在磨丁风雨飘摇，这不仅仅是两家机构的倒掉，更是对所有“教育传销”的一次预警：别拿孩子当小白鼠，否则反噬的，终将是你自己的晚年。"
25,评论区(主评),"怎么看“
清一新教育
”和最近翻车的“如是书院”？一张画皮，两套马甲，同一套收割逻辑",https://zhuanlan.zhihu.com/p/2069089792630040557,守望者,zhivh8zilf,https://www.zhihu.com/people/zhivh8zilf,2026-08-07 16:03:09,0,MEDIUM,骗子/圈钱/洗脑/割韭菜/套路,割逻辑】的评论 一模一样的收割套路，清一的社会负面影响远远大于如,一模一样的收割套路，清一的社会负面影响远远大于如是书院
26,评论区(主评),"怎么看“
清一新教育
”和最近翻车的“如是书院”？一张画皮，两套马甲，同一套收割逻辑",https://zhuanlan.zhihu.com/p/2069089792630040557,来时路,v4m5qh,https://www.zhihu.com/people/v4m5qh,2026-08-09 18:34:22,0,MEDIUM,骗子/圈钱/洗脑/割韭菜/套路,，同一套收割逻辑】的评论 教育传销，用词精准[赞][赞][赞],教育传销，用词精准[赞][赞][赞]
27,评论区(主评),"怎么看“
清一新教育
”和最近翻车的“如是书院”？一张画皮，两套马甲，同一套收割逻辑",https://zhuanlan.zhihu.com/p/2069089792630040557,红太阳,38-80-49-72-61,https://www.zhihu.com/people/38-80-49-72-61,2026-08-10 18:56:02,0,MEDIUM,假武术/无实战能力/花架子,，全国第一。 央视都报道了！ 吹牛吹到家了，我去搜搜看,前几天清一 教育还说 他们的孩子在云南石林取得了泰拳比赛的 好多冠军，全国第一。 央视都报道了！ 吹牛吹到家了，我去搜搜看
28,回答正文,,https://www.zhihu.com/answer/2069878132786701468,德鲁伊,deluyi-6-91-4,https://www.zhihu.com/people/deluyi-6-91-4,,11,HIGH,骗子/圈钱/洗脑/割韭菜/套路、新教育争议/误人子弟/毁孩子/伪国学,老挝，继续干起来非法办学和玄学诈骗的勾当！ | 现在跑到了境外老挝，继续干起来非法办学和玄学诈骗的勾当！,知乎上这个叫“清一新教育”的，二十年了被官方不断取缔，现在跑到了境外老挝，继续干起来非法办学和玄学诈骗的勾当！
29,专栏文章,"“
清一新教育
”的非法性是清醒们持续发声并通过法律途径维护权益的底气",https://zhuanlan.zhihu.com/p/2072252810008211619,守望者,zhivh8zilf,https://www.zhihu.com/people/zhivh8zilf,,22,MEDIUM,新教育争议/误人子弟/毁孩子/伪国学,守合法途径，持续如实提供线索，非法办学、精神伤害、资金流向等问题终将,"清一新教育从根子上就不具备合法资质，以所谓新式教育为包装，绕开法制监管，收取高额费用，对未成年人实施精神管控，这是它无法抹去的底色。这份确凿的非法属性，正是曾经受害的家长、学生站出来发声，坚持依法维权、伸张正义最坚实的底气。
面对大家公开反馈问题、提交线索，该机构不直面自身违法事实，实控人反而动用其核心成员有组织进行恐吓施压，试图封住知情人的声音。可这些恐吓从来吓不退清醒的维权者，反倒成为反向曝光它的利器。越是想方设法恐吓、打压发声者，越暴露出其心虚，害怕违法行为被全面查清。
恐吓不属于合法维权手段，这些恐吓记录都会变成新的证据，交由执法机关核查。清醒者并非凭情绪发声，而是依靠法律撑腰。大家收集缴费记录、课程材料、沟通记录，通过报警、信访、行政渠道有序提交线索，不走极端、不发布违法言论。
真相不会被恐吓掩盖。只要坚守合法途径，持续如实提供线索，非法办学、精神伤害、资金流向等问题终将得到依法调查处理。妄图靠恐吓掩盖非法事实的路，注定走不通。"
30,评论区(主评),"“
清一新教育
”的非法性是清醒们持续发声并通过法律途径维护权益的底气",https://zhuanlan.zhihu.com/p/2072252810008211619,行云流水,97-69-19-5,https://www.zhihu.com/people/97-69-19-5,2026-08-19 10:04:36,0,HIGH,骗子/圈钱/洗脑/割韭菜/套路,权益的底气】的评论 用法律制裁邪教教育，法办张健柏,用法律制裁邪教教育，法办张健柏
31,专栏文章,"清一新教育
｜“清一新教育”长期跨境非法办学对磨憨—磨丁经济合作区及中老两国合作带来的负面影响",https://zhuanlan.zhihu.com/p/2064089750366171217,守望者,zhivh8zilf,https://www.zhihu.com/people/zhivh8zilf,,38,HIGH,骗子/圈钱/洗脑/割韭菜/套路、新教育争议/误人子弟/毁孩子/伪国学,设封闭“教学点”，高额收费大肆敛财，涉嫌存在偷税漏税、虚假宣传等 | 费大肆敛财，涉嫌存在偷税漏税、虚假宣传等违法行为。非法办学灰色产业挤 | 教育 ｜“清一新教育”长期跨境非法办学对磨憨—磨丁经济合作区及中老两,"众所周知，中国老挝磨憨—磨丁经济合作区是中老两国共建 “一带一路”、构建全天候命运共同体的标志性跨境平台，承担经贸互通、产业协作、人文友好、边境治理的核心功能，是两国对外开放与民心相通的示范窗口。
近年来，张健柏实控的 “清一新教育” 及下辖相关机构，包括“今日学堂”“清一公社”“清一大学”“清一公社义塾”“今日学堂无名塾”“今日国际学校”“战狼今日塾”等，以磨丁为境外“办学点”常年开展跨境非法办学活动，从口岸管理、园区营商、双边互信、边境治理、涉外民生等方面，对合作区建设与中老两国双边合作造成多重实质性损害。
其一，扰乱口岸出入境监管秩序，破坏合作区跨境通行治理体系
该组织在国内线上线下诱导家长，劝退适龄儿童脱离国内义务教育，长期有组织策划实施大批中国籍适龄儿童通过磨憨—磨丁口岸出境赴磨丁“办学点”封闭就读，形成常态化违规跨境人员流动链条。大量未成年人常年跨境集中出行，挤占口岸查验资源，增加边检、海关核查压力，冲击合作区 “一地两检” 规范化通关机制。同时，该组织刻意规避正规涉外教育备案流程，未成年人居留、学籍手续不合规，给中老两国双方出入境、居留管理带来监管漏洞，抬高边境口岸安全管控风险。
其二，污染合作区产业营商环境，扭曲园区正规涉外教育发展定位
近年来，磨丁片区规划合法、合规的国际教育产业，依托中老两国官方办学资源打造标准化涉外文教项目，是合作区民生配套的重要板块。“清一新教育” 属于无登记社会组织、无办学资质非法机构，在磨丁私设封闭“教学点”，高额收费大肆敛财，涉嫌存在偷税漏税、虚假宣传等违法行为。非法办学灰色产业挤占正规文旅、教育产业发展空间，抹黑合作区涉外文教招商口碑，干扰园区合法企业经营秩序，损害两地政府打造标准化、法治化跨境产业园区的建设成果。
其三，损害中老双边互信，侵蚀合作区民心相通的合作根基
合作区核心使命之一是深化两国民间友好、开展规范人文交流，树立中老两国互利共赢形象。该组织歪曲我国基础教育法规与教育方针，向未成年人灌输极端片面思想，采用封闭管控模式侵害未成年人身心健康。一旦出现学生权益受损、家庭维权纠纷，相关负面舆情会绑定磨憨—磨丁合作区标签传播，易引发公众对跨境合作园区治理能力的质疑；涉外未成年人权益纠纷还需中老两国多部门联合处置，增加双边外事协调成本，干扰两国常态化经贸、民生协作沟通机制，弱化合作区友好示范价值。
其四，冲击边境社会稳定，给合作区综合治理增添长期隐患
该组织搭建全国联动的地下招生网络，圈层化封闭管理模式极易衍生家庭矛盾、未成年人心理伤害、经济纠纷等各类社会问题。大量涉事家庭往返中老边境维权，持续消耗合作区管委会、两地公安、领事保护等公共治理资源。非法办学点游离于中老两国教育、民政监管之外，缺乏安全、医疗、心理保障，一旦发生安全事故，将直接冲击合作区平安边境建设成果，破坏园区安全稳定的发展环境。2026年7月2日，其下辖机构“清一公社义塾”就组织上百名中国籍适龄儿童聚众干扰当地经济法庭执行庭对一起经济纠纷判决案件的执行活动，在当地造成恶劣影响。
其五，破坏国家义务教育制度，消解合作区对外开放正面价值
磨憨—磨丁合作区是南向开放的战略支点，本应承担展示国内优质教育、开展正规国际教育交流的职能。而该组织借跨境合作区便利，诱导家长放弃法定义务教育，变相消解国家基础教育政策落地成效，形成跨境违规教育灰色链条。此类非法活动极易被放大解读，损害合作区作为国家对外开放标杆的正面形象，不利于持续吸引正规外资、优质产业落地，阻碍中老跨境经济走廊高质量发展。
从近期当地主管部门与使领馆的关切来看，官方的态度渐渐清晰，“清一新教育”长期跨境非法办学行为，违背中老合作区规范化、法治化发展初衷，同时触碰两国教育、出入境、社会组织管理多项法律红线，既危害未成年人合法权益，也严重拖累磨憨 — 磨丁经济合作区建设、损害中老长期友好合作大局，亟需两国监管部门协同整治、联合清退，肃清园区非法办学乱象，守护跨境合作窗口的健康发展环境。"
32,评论区(主评),"清一新教育
｜“清一新教育”长期跨境非法办学对磨憨—磨丁经济合作区及中老两国合作带来的负面影响",https://zhuanlan.zhihu.com/p/2064089750366171217,再也不见,20-14-28-60,https://www.zhihu.com/people/20-14-28-60,2026-07-27 10:20:16,0,MEDIUM,新教育争议/误人子弟/毁孩子/伪国学,教育 ｜“清一新教育”长期跨境非法办学对磨憨—磨丁经济合作区及中老两,很全面。1.打着教育的旗号，培养私兵；2.偷税漏税；3.私募集资。精神及财产的庞氏骗局
33,评论区(主评),"清一新教育
｜“清一新教育”长期跨境非法办学对磨憨—磨丁经济合作区及中老两国合作带来的负面影响",https://zhuanlan.zhihu.com/p/2064089750366171217,Bxzx,bao-xian-chao-shi-18765752931,https://www.zhihu.com/people/bao-xian-chao-shi-18765752931,2026-07-27 10:14:28,0,MEDIUM,新教育争议/误人子弟/毁孩子/伪国学,教育 ｜“清一新教育”长期跨境非法办学对磨憨—磨丁经济合作区及中老两,写得真好[感谢][感谢]
34,专栏文章,清一山长：人生的三个陷阱和机会,https://zhuanlan.zhihu.com/p/2025245642172245229,山长 清一,shan-chang-qing-yi,https://www.zhihu.com/people/shan-chang-qing-yi,,898,HIGH,骗子/圈钱/洗脑/割韭菜/套路,今天的文章，我说价值亿万，不是骗人的。而是真实的价值。 但我不太 | 99%的人，都被商家和利益集团洗脑了，听不进真话！ 如果一个年轻,"今天的文章，我说价值亿万，不是骗人的。而是真实的价值。
但我不太相信有人会老老实实的照做。因为99%的人，都被商家和利益集团洗脑了，听不进真话！
如果一个年轻人，要想获得人生的成功，要想获得富足的人生，必须要绕过三个陷阱！如果年轻的时候就掉进这些陷阱，就注定一生平庸了。
只能庸庸碌碌的过完一生，与动物本质上没啥区别！
第一个：绝对不要掉进消费主义的陷阱，这是导致你一生平庸和贫困的根源。你必须训练自己成为“投资者”，“创造者”。必须去学会拥有“投资思维”，而非“消费思维”。
这个资本主义社会，控制现代奴隶的方式，就是用“消费主义”来诱惑你。她们就像妓女一样，善于用各种媚态来勾引你，你以为你去“消费”她们“提供的服务”，就是“享受人生”。其实---你本质上，只是成为了满足她们利益的仆人罢了。
如果你是穷人：被消费主义思维方式控制思想之后，你几乎不太可能发财致富！大概率只能终身成为利益集团的棋子，大多数人，一生就是这样度过的！大多数父母，都是这样来教孩子的！
如果你是富人：你认同消费者思维方式之后，你会不经意的把消费者思维方式传递给下一代。他们很可能成为废材（连底层劳工都赶不上）。你的家族不会繁荣兴旺的。
如果你被这个社会和媒体，灌输之后，养成了消费者思维模式，你就算年薪百万，身家亿万，骨子里面也是穷人，不小心就返贫了！
因此消费者思维，才是真正的“斩杀线”，毫不留情！因此，我的孩子，从小就不让他们看电视，不接触商业信息和广告，甚至逃离城市，从小在乡村长大。就是为了避免养成消费者思维。因为城里到处就是消费者文化风气环境，很难让孩子不受影响。特别是中小在国外的郊区生活，更是好得多。商业活动的影响很小。
投资思维就是：绝不乱买东西，每一次开支都必须有充足合理的理由。会在意每次开支的价值和回报，不喜欢浪费掉！每次都要算清楚---我的开支到底是要得到什么？是否合算。
如果能够用4毛钱买入一块钱的东西，投资者就很高兴。认为自己做了一个好交易。
如果不得不用1块钱去买4毛钱的东西，投资者就会不太开心，觉得被商家宰了（比如在机场买一份高价饭）
如果居然要用一块钱，去买真实价值为零的东西，投资者会非常的反感，会认为自己脑子坏掉了。比如很多奢侈品。
实际上，消费者思维的人，都在做相反的事情！--为了感觉好而去买单。
最典型的事情，就是很多人都会花大的价钱去买“面子”，“别人的关注”----为这种一文不值的东西花费万金！就像莫泊桑的【项链】一文---用生命去为自己的虚荣和面子买单。自然这种人，无论赚多少钱，都是一生都在为资本家打工了！就算赚取百亿资产也会归零。
比如：你女儿一掷万金的购买礼物送给男色（鸭子），她以为是“花钱买万金不换的爱”了。你认为家长有多少财富，经得起这种消费？
这28份“生日礼物”。就是投资者认为毫无价值的东西！
男色消费，价值何在？
   消费者思维方式，就是以吃到什么特别的东西，买到什么特别的东西，得到什么东西，甚至是虚情假意，来作为自己人生价值的支点！这种价值锚定，是露珠一样的存在，全是虚假的自我价值，是消费者思维方式。是价值毁灭模式。
      真正的经营者思维方式，就是：我能创造出什么东西，我如何让别人满意，让别人愿意为我的创造付钱。
这就是增值模式，“价值创造模式”。这才是人应该做的事--真正为社会创造价值。
   拿到一枚全国冠军的奖牌，含金量并不是奖牌本身有多少金子，而是这份创造的价值金不换！
第二个忌讳就是：绝不去从事用身体和时间换钱的工作
！不为金钱打工。
年轻人一定要去做能够不断积累自己声誉和创造性的工作。
一些“精明”的大学教师，会几十年都教相同的知识。会用一个发黄的，多年前的教案来上课，这样连备课的任务都省掉了。他们认为自己很会投机取巧。。。用最少的大脑投资，换来了每个月的工资收入。
忘记了他真实付出的---是自己的生命。
因此，如果他长期没有成长，损失最大的人是自己！这种教师从刚开始工作的时候，到他退休离职的时候，从来没有真正的去成长自己，积累自己的个人声誉。一直在重复毫无意义的事情和内容。这种人，一旦离开学校，离开原来的单位，他就发现自己毫无价值。实际上大多数的教师，职员，都是这样的情况！真实的人生价值无限趋近于零。。。甚至是负价值。靠蒙混过日子。
判断你人生是否创造了真实价值的方式很简单：
你是越老越值钱，越会赚钱，越受尊重？还是老了，就根本没有人愿意理睬你？连亲人都不想见你？你还不如年轻的时候有价值？
如果你退休，离职之后就无人理睬，就证明---本质上你个人就是没有价值的。因为你的价值来源于你的工作和职务，而非你自己的真实价值。
20多年前，我虽然在大学当教师。但我并不是为了工资而去教课的（当年的武汉大学给我的工资低得可怜）。而是为了荣誉---我愿意分享给大学生们我认为最有价值的思考。不去考虑学生付费没有。但我会提醒他们---要珍惜我的课程，因为以后要花很多钱才能上我的类似课程。事实后来也证明了这一点！
正因为这份年轻的时候，我不断的自我投资自我，不去追求金钱回报，不要工资，去不断积累和成长个人名誉，才有机会在今天，让很多人愿意花费不菲，千里迢迢的来听我的付费课程。
即使是我20多年前的讲课录音，也会被这些人翻出来反复的学习，这就是不断积累的“声誉”带来的价值！
为啥说是声誉的价值？
如果你仅仅是把我讲课的知识和内容，录下来，背熟了拿出去讲给别人听的话，没有人会为你付钱的，只会说：讲的不错！因为你没有“积累个人声誉”。这就是区别！
消费者思维方式，就是以吃到什么特别的东西，得到什么特别的东西，作为“自己还不错”的价值锚！
经营者的思维方式，是以“自己能创造出什么特别的东西”，来作为自己的价值锚定！
比如：2024年国内市场手机出货量约3.14亿部。我用的手机，是8年前的华为手机。很多人一年要换一部手机，几年就要换一部新车！你以为是商家是为了你的利益来和方便，才推出的新机吗？
实际上---商家是为了赚钱，来诱惑你不断购买新机的！很多功能你根本就不需要。你真的想要双屏，三屏吗？
所有媒体都在积极推销，热情介绍给你的东西，本质上都是你不需要的。而你生命最需要的东西，根本没有人去出售，
实际上是几乎就是免费的---空气和水。
手机的历史上，不会记录消费者个体的购买行为。只会记录下“华为2018年推出了MATE20”。“2025年华为用4600万台手机重返中国市场出货量第一地位”。
因为只有经营者，创造者才会“被记录”，消费者只是被利益集团用广告驱使的一群用来凑数字的牛马罢了！
只不过他们是一群自以为是，沾沾自喜，自以为有价值的牛马
。的确--如果没有奉献的价值，他们会被抛弃的。会被利益集团视为无效对象。
第三个：年轻人绝对不能去“随大流”，去做大多数人都能做的事情。你在年轻的时候，最重要的事情，就是去竭尽全力成为某个你选择的细分领域里面的顶尖人物！
这个社会本质上是拒绝平庸的。历史只会记住谁是冠军，而不会关心谁是第二名，第三名。。。虽然实际上，运动员的水平都差不多，大家的训练强度和投入，时间都差不多，本质上谁都有可能取得冠军。但只有超越自我，超级自律的第一名，才会被记录下来，才会给投资溢价。
几乎不会有人愿意为跟随者付费。他们都只愿意为冠军付费！
因此，只有成为行业的顶尖人物。你才可以获取大量的资源和机会的支撑！你的选择空间就更为广泛，自然，你的人生就更容易成功！
如果你只是追随者，你会活得很难。很平庸！很容易被抛弃。
一名顶尖的拳手，可以获取每场比赛上亿的奖金。但一名平庸的拳手，连糊口的生活费都很难满足。
这就是残酷的社会现实：
这个社会只奖励头部人物。平庸者只能艰难的生活和工作！
比如2025年，汽车行业全球第一名---丰田汽车的总利润2000亿元，是全部中国18家汽车公司总利润的2.4倍。甚至全世界汽车公司的总利润加在一起，都赶不上丰田一家公司。因为除了头部的一些汽车公司，剩下的大多数汽车公司是亏损的。或者是在亏损边缘苦苦支撑的企业！
这就是头部企业的价值：企业上，无法进入前三名，长期来看，几乎就没有生存权！
中国汽车的第一名是比亚迪，她的存在，已经成为了其他汽车公司的共同“敌人”。他的目标是超越丰田，销量上正在赶超中，但利润上，以及市值上，都差距甚大！还需要进一步的努力。
因此。
成为冠军选手的诱惑极其巨大，意味着巨大的机会和利益！
所有有企图心的企业，和个人，都在想法创造自己的第一名记录！
年轻人想要人生成功，
就是年轻的时候，不要去做“享受生活”做消费者，而是要“享受创造”。
要像苦行僧一样努力训练自己，在自己设定的领域中，尽量做到顶尖，至少是顶尖之一！
这才是成功的人生设计。而不是天天去琢磨吃到了什么东西，玩了什么好玩的东西。
注明【好像上面的思维方式，是从小养成的，如果没有养成的话，18岁之后就固化了，我们在教16岁以上的学生时候，明显觉得改变很困难，但11-12岁的孩子更容易接受和改变】
转：公主班的人生支点思考题
 记者问芒格（巴菲特的合伙人）
「如果你一觉醒来，重回25岁，豪宅消失，人脉切断，口袋里只有下个月的房租，甚至还有一笔助学贷款，你会怎么做」
1：请你帮芒格回答这个问题？设想芒格应该怎么做？
2：请你理解芒格的回答，告诉我们—-你会怎样把芒格的智慧用出来？
芒格自己的回答，请说出你的理解？
 1. 出售确定性，而非时间和体力。
 2. 你必须像苦行僧一样，不断积累提升，成为某个细分领域的真正专家。
一定要像苦行僧一样，把自己关在一个极小的领域疯狂地深挖，直到成为这个领域的的头部，成为那1%的人。
3. 修建防御消费主义的护城河，并等待那关键的一击。"
35,专栏文章,【清一新教育】认识清一山长20年，我所知道的山长“秘闻”,https://zhuanlan.zhihu.com/p/1918298813149458544,进击的清粉,wei-miao-shi-15,https://www.zhihu.com/people/wei-miao-shi-15,,544,HIGH,假武术/无实战能力/花架子,？  秘闻二：山长是个自大狂，吹牛大王，还是一个谦虚谨慎的人？ | 预测。这在很多人看来，就是在“吹牛”。殊不知，预测和吹牛是存在本 | 就是在“吹牛”。殊不知，预测和吹牛是存在本质区别的，预测是会在未,"版权归今日塾校长赵刚所有
大家好，我是今日塾的赵刚。经常会有人好奇，你和钱老师是如何做到“超长待机”的？是怎么能够在今日学堂工作这么长时间的？言下之意，就是说：在今日工作压力这么大，山长又这么“严厉刻薄”，你们是怎么忍受得了这么长时间的。曾经也有刚入职的基金会员工，来问我“平台生存攻略”[笑哭]。因为他们入职平台工作之后，不久就会从某些人口中听到一些平台内部的“宫斗秘闻”，有的甚至让人大跌眼镜。
对此，我想说的是，我是06年在大学讲座上遇到山长的，09年就来云南校区实习，到今年已经在今日学堂工作已经有16年了。
我可以说：跟山长学习20年，在今日内部工作16年，从来没有人搞过我，更没有人害过我！
包括某些传闻中，把静慧描述成俨然一个“心机婊”形象，但我认识静慧也超过16年了，她从17岁开始出道，后来我们又做了多年的直接竞争对手。我也可以说，静慧非但从来没有搞过我，反而一直都对我很尊重、很有礼貌。
好吧，可能有人会觉得是我运气好，或者是我自带“吉星”护体，今日平台内部肯定有很多不为人知的“秘闻”。其实，有人这样想，我觉得也很正常，毕竟搞八卦是人的天性，“秘闻”也总能激发人的好奇心与探索欲。那么，接下来我也顺应人心，来爆一些料好了，来说一些关于山长的鲜为人知的“秘闻”吧。
秘闻一：山长是一个控制狂，PUA大师，还是一个自尊尊人的人？
在不少人眼中，山长很毒舌，喜欢骂人，并且经常会毫不客气地指出别人的问题。而且，山长对别人对他这一点的意见与诟病也不以为意。因此，山长就被某些人冠上了所谓的“PUA”之名。
首先，我们可以先搞清楚一下，什么才是PUA？什么才是指出问题让别人有机会改进？不是只要伤害了你的感情，或者让你心情不爽，那就统统都是PUA的；如果真是这样，那这个世界上，还有谁没做过PUA的事情吗？所以，区分是不是PUA，关键是看两点。第一，他指出的问题是不是事实？第二，看他的动机，是否是通过不停地打击与贬低别人来达到控制别人的目的。
如果用以上两条标准来对照，根据我这么多年在学堂工作的经历与观察来看，山长其实对控制别人根本就没有什么兴趣，我也找不到山长真的要PUA别人的动机与事实。因为山长从来不会强迫一个人要去做什么事情，或者要去说什么话。包括在这次沸沸扬扬的清黑事件中，山长也没有来给过我们类似于“你来写篇文章”，或者来“表个态”之类的指示。反而是让我们做好自己的事，安心教学，把学生教好，才是最重要的。
可能你会怀疑：真的是这样吗？反正我不信。因为如果山长真的持有这种高度的尊重的态度，那正常情况下必然会带来团队内部无组织无纪律的后果。
那么，山长是怎么管理教师团队，怎么塑造能够执行好新教育理念，而且还很有战斗力的队伍的呢？
其实，山长的策略很简单：那就是努力培养下一代，并维护好内部竞争PK的机制。因此，我们总能看到，山长不管到多大年纪了，都永远在孜孜不倦地培养新一代教师与平台合作伙伴，从培训1.0教师、到2.0教师，再到现在的公主班，山长永远在培养更能够理解新教育理念，更能够执行新教育理念的后备力量。至于上一代的教师，他们拥有自由决定权，要么努力跟随，跟进新一代的教学模式。如果觉得自己跟不上换代速度，那也可以选择慢慢从一线退下来，去基金会做一些自己力所能及的建设平台的事情。当然，如果想要离职自己去做事情或办学，那也完全没有问题，山长也从来不会去主动挽留，更不可能再去搞所谓的PUA。
甚至，还会给外出独立去自办学堂的老师，在清粉群里进行推介，甚至直接给予办学资金的支持，比如就给过朱老师这两方面的支持，而且山长在清粉群里对钟老师和侯老师办学，也有颇多鼓励。这些事情，老清粉都是知道的。甚至，山长还给过一个姓汪的外围学堂堂主，直接的资金支持。这位堂主也很有意思，他一方面觉得山长有真才实学，另一方面也一直都把山长作为自己的竞争对手，甚至于还公开发表过“既生瑜、何生亮”的感叹。但山长对这个堂主也不排斥，反而评价他这个人很真实，也是一个想认真办学的人。所以，在有一次他要进行学堂场地搬迁，遇到资金周转困难时，山长主动让刘老师给他打了一笔不少的资金过去。让这位堂主感到很惊讶，也很感动，但还是有点嘴硬，说这下子自己也不得不佩服山长的胸襟气度了。
所以，如果说给别人支持，给别人打钱，也算是PUA的话，那请你尽可能地来PUA我好了，哈哈！
而让我印象最深的一次，就是2015年2.0教师横空出世的时候。当时，2.0教师崭露头角，代表着全新的教育模式，而多数1.0教师都还是看不清这种教育模式升级换代的迫切需求与趋势，很多教师对新教育核心理念的理解与执行也存在偏差。并且山长也知道，要求这样一批名校毕业的，而且很以过去的历史为荣的成年人去改变自己，是很不现实的，因为心理与思维惯性实在太大了。但是这批教师，不可否认，都还是很想要继续做教育的。那该怎么办呢？
结果，山长当时跟我们1.0教师们说：如果你们选择去改变自己的教学模式，那么就可以一起升级换代，但这个过程会很痛苦，起码要脱一层皮；但如果你们不愿意改变，或者因为惯性太大实在改不过来，那就把“今日学堂”的这个牌子和办学场地，都留给你们了。你们可以继续办学，继续招生。而且，山长还建议我们搞股份制，这样整个团队不容易散架。而山长自己，则去重新创办一所新今日学堂。这让我们当时大为震惊，因为没想到山长会把今日学堂直接送给我们。
总结来说，就是山长一方面无法接受今日学堂原地踏步，更不能接受她变得越来越平庸；另一方面，山长又不认为今日学堂是属于他一个人的，所以山长就做了这么一个类似于“净身出户”的决定。
当然，当时的我们，都还没想过要自办学堂的事情，而且也都认为今日要是没有了山长，就没有了灵魂，自己办学虽然可以赚到更多的钱，但就得接受自己从此变成二流学堂的结局，大概率就这么平庸下去了。所以当时多数老师，都说自己要选择改变自己的固有模式。所以，当时山长就给1.0教师们一个回炉重造的机会，那时候，都可以去会泽的清一书院跟着准2.0教师们一起同学、同练、同吃、同住、同玩。
这件事情当时也引起了不小的风波，而且自我革新就像脱皮一样，回忆起来也没那么让人愉悦。但相信你从山长的决定中可以看出，山长高度的“自尊尊人”的作风。山长想要不断升级教育模式，让今日学堂变得越来越卓越，但是1.0教师团队跟不上这种趋势，所以，山长就做了这样一个尊重自己，也尊重他人的决定。
不过，话又说回来，山长不怒自威的气质，确实让不少人在山长面前感到有压力。山长一针见血地指出问题，也总能达到“扎心”的效果。这也是被某些人认为这是山长在PUA的依据。但其实，你只需要了解山长是个自尊尊人的人，根本就不用怕山长说你的问题。
第一，即便你不听山长的，不按山长说的做，那也不会发生什么“恐怖的后果”。只要你不做伤害平台的事情，愿意继续为平台贡献价值就行。当然，如果你不想在平台待了，那完全可以转身离开。
而且，当山长发现，指出了你的毛病，但结果没有什么用，或者你不愿意听之后，山长就不会再多费口舌来继续指出你的毛病了。这是山长的“自尊”。
只是，教师个人是可以不改自己的毛病，但今日学堂的教学质量又不能因为照顾教师个人的情绪而弃之不顾。所以，山长就力推了三校PK机制。让互相PK与竞争，来自动实现教师团队的优胜劣汰。
第二，如果你认为PK的压力太大，或者自己承担不了某个职位所带来的压力，那你也完全可以申明说，自己不想干这个事或不想继续承担这个责任了。那么，山长就不会再以原来的标准来要求你了，这是山长的“尊人”。
就像我们也有原来的伙伴不再从事教学工作了，转而去基金会做服务工作，那山长就不会再以教师的标准来要求她。其实，在平台内部，只要不是承担着教学职责，山长对大家的要求都不高的，也很少去指出对方的问题，或者像某些人想象的那样到处开火骂人。
所以，在这种环境下，怕就怕有的人，既想要占着这个职位或名分，又达不到或不愿意达到这个职位所应有的标准，尤其是不能踏实努力、全力以赴地去做好教师岗位职责时，这时候压力确实是很大的，因为三校PK的压力如影随形，是划不了水的，要想最终能取得好成绩，都得靠平时一点一滴的教学与积累。
但话说回来，山长的严格要求，目标其实都是为了创造世界名校，这是很清晰的。所以，如果你想在三校内部做老师，肯定要面临PK的压力，但只要你说你不想面对这个压力，又不愿意离开平台，那完全可以去做别的辅助工作。那样就不需要面临PK压力了。
事实上，在工作之外，山长对人对事的要求都很低，也是非常客气的。比如，多年前有一次我和钱老师去帮张钟瑞解决一个问题，其实也就是一件小事，但山长却特意给我们发来信息，说感谢我们帮助处理他的家事。这当时让我和钱老师都感到非常吃惊，觉得山长怎么这么客气，之后又有几次这样的事情，凡是跟工作无关的，涉及到山长的私事，山长都会表达他个人的感谢。但是与工作有关的，山长向来确实都是要求很严格的，因为山长认为每个教师都应该做到尽职尽责。只是，因为山长一直以来都非常自尊，也很不愿意去麻烦别人，所以即使是在平台内部，绝大多数人跟山长之间的交集，也都是与工作相关的，所以见到的都是山长严格要求的那一面，很少有涉及其他方面的事务。因此，我说的这些事情，应该算是“秘闻”了吧？ 
秘闻二：山长是个自大狂，吹牛大王，还是一个谦虚谨慎的人？
在一些人眼中，山长可能是个非常自大的人，经常会对未来的自己和学校会达到的成就做出超前的预测。这在很多人看来，就是在“吹牛”。殊不知，预测和吹牛是存在本质区别的，预测是会在未来实现的，而吹牛则是永远都不会实现的。事实上，如果要说山长是吹牛大王，那么他所吹过的“牛”，好像都已经实现了，或者是正在实现的过程之中。
其实，在我眼中，山长是一个相当谦虚谨慎的人。这可能会让很多人觉得不可思议。那我来说说山长练武的事情好了，因为“文无第一，武无第二”，武术是最容易验证实力的一件事了。可是，在武术这件事上，山长也曾经一度被认定为“吹牛大王”，因为山长在2019年刚刚成立清一武道馆的时候就说，只需要三到五年就可以培养出能够打败现代格斗的冠军拳手。这在当时的传武界，绝对是吹了一个最容易被打脸的“牛”，因为中国传武百年来，甚至都没有过有真实影像记录的，打败现代格斗职业拳手的擂台记录。所以，这种牛，是很容易吹破的。很多人也在坐等看好戏。可结果是什么呢？现在清一武道馆和公主班的拳手们，都已经拿了二三十个全国锦标赛的冠军头衔了，还代表中国国家队拿过三个东亚泰拳锦标赛的冠军。
能够获得以上成就，显然不是靠自高自大或吹牛吹出来的。其实，跟山长练过武的都知道，山长在武术上是相当谦虚的。几十年来，一直都在不断地寻找当代传武高手，并在不断地学习。经过20多年的寻访，山长靠着他的资历和眼光，还真的在全国范围内找到了好几个武林高手，都是可以轻松打败山长的级别。
所以，如果山长是个自大狂或控制狂，他根本就不应该到处去找比自己更厉害的武术高手。而且，更难以解释的是，一个自大狂为什么每次一遇到一个比自己厉害的高手，反而会感到非常开心，经常是在第一时间就介绍给学生和老师们认识，并让大家都跟着一起学这位高手的功夫。其实，以山长的功夫，他即便是对战已经拿到过冠军头衔的弟子们，也是碾压级别的，一出手就能赢。所以，只要山长进行“信息封锁”，制造“信息茧房”，那山长完全可以天天吹牛自己的武功天下第一，因为即便山长这样说，我们其他人即便想质疑，也根本不可能找到比山长更厉害的传武高手。即便有人能够侥幸碰到这种高手，这种高手也不会跟别人过招的，更不可能跟山长过招，所以，我们将永远不会知道，这个世界上还有比山长更厉害的传武高手存在。
接下来，我就讲一个让我记忆非常深刻的练武故事吧，大家可以自行判断一下，山长到底是一个自大的人，还是一个谦虚的人。
在七八年前，有一次中午在食堂吃饭的时候，山长很开心地走进来，跟我们几个说，他今天上午在公园里散步的时候，碰到了一个比他还厉害的武师，说这个武师刚功和柔功都特别厉害，刚到可以徒手打水泥墙，柔到可以凭空劈叉下地并重新起身，可以说是极刚极柔了，功夫比他厉害。然后，就问我们想不想跟他一起去拜访一下，最好是能够跟着这位武师练武。我当时对练武也很着迷，所以，就很兴奋地跟着山长去拜访这位武师，并顺利地得到了跟这位武师练武的机会。我们跟这位武师，练了有大半年的时间。
因为传武人都是非常保守的，一般都不会跟人比武，甚至都不会过招。但由于我们天天都去跟这位武师练武，甚至比他自己的亲传弟子练得还积极。山长在有空时，也经常会来看我们练武，观察学习这位师父是怎么教练武的。所以，我们慢慢地就跟这位师父熟络了起来。他也愿意亲手示范教我们武术技巧。因为他看到山长非常的谦虚，总是让我们多跟这位师父学功夫，所以这位武师，对山长也没有什么戒备心。结果有一次，这位武师在喝了点小酒之后，一时兴起，说要给山长亲自演示一下太极柔功化劲，他让山长去拿他，看能不能把他的手反别住，结果山长很快就把他别住了。这位武师很惊讶，承认被拿住了。这位师父应该没想到山长平时练武看上去像跳舞，看不出有什么力量，但原来功夫这么厉害。于是，对山长也更加尊重。
事实上，因为我经常有跟山长过手的机会；跟着这位师父练武之后，他也经常给我过手示范，所以，就我自己的体验来说，山长的速度和瞬间发劲是明显在这位师父之上的，而这位师父的力量和抗击打能力要比山长强。如果真的要比武，山长的胜算会大很多，因为“天下武功，唯快不破”。但即便如此，山长依然很谦虚地跟我们说，这位师父比他厉害，让我们好好跟他学。其实，只要山长愿意，他完全可以跟我们说，他比那位武师厉害，我们也不会有什么怀疑的。由此，我也更理解了山长尊重强者的态度，山长非常尊重与珍惜他所找到，相比他有某方面特长的人才，只要发现别人有比他更厉害的点，山长都很愿意结交，也很愿意帮助对方的。
听完以上故事，可能还是有人对山长会这么谦虚，感到不可思议。那我就说一个几乎人人都有能力验证的事实吧。那就是在股市投资领域，山长做了几十年的常胜将军，他的证劵账户还是三位数的，可见投资资历有多深了。而在这个90%以上的人都亏钱的股市里，山长的账户财富不断地创新高。而且，山长还经常把自己的投资操作公开分享出来，让很多聪明的跟随者们，也赚到了很多钱，甚至实现了财富自由。这是什么水平？但凡涉足过股市投资领域的人都知道，自大狂是死得最快的，吹牛大王是最容易被打脸的，一个人只要没有谦虚谨慎的品质，是绝对不可能几十年依然在赚钱的。
当然，我也知道即便我说了以上这些内容，黑子依然是黑子，他们永远生活在黑暗之中，即便你已经像太阳一样明亮了，但照样会有太阳黑子来作祟。太阳黑子严重的时候，甚至会影响到地球的磁场和通讯。好在，所有黑子最终都会归于平静。
如果我们不想跟黑子为伍，又看不清山长描绘的蓝图与未来到底能不能够实现时——这种情况很常见，毕竟马云早就说过：很多人一生输就输在对于新生事物，第一看不见、第二看不起、第三看不懂、第四来不及。
所以，如果你也认为自己缺乏远见与穿越时间的眼光，拿不准山长说的到底是不是一定能够100%的实现，但你又不想错过新教育发展的红利。对此，建议你只需要想一件事：那就是即便这件事只实现了50%，是不是依然是一个很不错的结局？甚至于这件事最后因为各种原因没有实现，那对我们自己又有什么损害呢？如果你认为会对你造成损害，那是要慎重考虑一下，是要尽快转身离开，还是继续躬身入局。如果你选择转身离开，我也祝福你创造出更美好的未来。
好了，以上这些“秘闻”，肯定会让黑子大失所望，没有看到他们所期待看到的宫斗秘闻戏码。但我也无意跟黑子争辩。我写这些内容，是给想要了解与学习山长的做人做事的人看的，让有学生心态的人，知道山长虽然看上去很高，让一般人难以望其项背，但他也是一个多维立体的人，而不是一个完美无缺的“神”。
因此，山长也会犯错，也会看错人，但我所敬佩的山长的人格的光辉之处在于：山长从来不会抱怨所遭遇的一切非议与障碍，永远从正面积极的视角去看待发生的一切，并且永远都在改进与完善自己，即使他都已经60多岁了。当我们不以“完美的神”的标准去要求山长的时候，我们也不会以“完美”的标准来要求自己，因为我们知道没有人会是完美的。而一旦当我们挣脱了“完美主义”的束缚，我们就可以活出像山长这样真实、快乐、成功、富足的人生！"
36,专栏文章,清一山长：人生的三个陷阱和机会,https://zhuanlan.zhihu.com/p/2025337955754030989,长沙实之兄,wx0197fe7aa3866d9c,https://www.zhihu.com/people/wx0197fe7aa3866d9c,,11,HIGH,骗子/圈钱/洗脑/割韭菜/套路,今天的文章，我说价值亿万，不是骗人的。而是真实的价值。 但我不太 | 99%的人，都被商家和利益集团洗脑了，听不进真话！ 如果一个年轻,"山长 清一
​
文人格斗 传武实战第一人 清一大学创办人
今天的文章，我说价值亿万，不是骗人的。而是真实的价值。
但我不太相信有人会老老实实的照做。因为99%的人，都被商家和利益集团洗脑了，听不进真话！
如果一个年轻人，要想获得人生的成功，要想获得富足的人生，必须要绕过三个陷阱！如果年轻的时候就掉进这些陷阱，就注定一生平庸了。
只能庸庸碌碌的过完一生，与动物本质上没啥区别！
第一个：绝对不要掉进消费主义的陷阱，这是导致你一生平庸和贫困的根源。你必须训练自己成为“投资者”，“创造者”。必须去学会拥有“投资思维”，而非“消费思维”。
这个资本主义社会，控制现代奴隶的方式，就是用“消费主义”来诱惑你。她们就像妓女一样，善于用各种媚态来勾引你，你以为你去“消费”她们“提供的服务”，就是“享受人生”。其实---你本质上，只是成为了满足她们利益的仆人罢了。
如果你是穷人：被消费主义思维方式控制思想之后，你几乎不太可能发财致富！大概率只能终身成为利益集团的棋子，大多数人，一生就是这样度过的！大多数父母，都是这样来教孩子的！
如果你是富人：你认同消费者思维方式之后，你会不经意的把消费者思维方式传递给下一代。他们很可能成为废材（连底层劳工都赶不上）。
投资思维就是：他们会在意每一次开支，都要算清楚---我得到了什么？
如果能够用4毛钱买入一块钱的东西，投资者就很高兴。
如果不得不用1块钱去买4毛钱的东西，投资者就会不太开心，觉得被商家宰了。
如果居然要用一块钱去买真实价值为零的东西，投资者会非常的反感。认为自己脑子坏掉了。
实际上，消费者思维的人，都在做相反的事情！
最典型的事情，就是很多人都会花大的价钱去买“面子”，“别人的关注”----这种一文不值的东西！就像莫泊桑的【项链】一文。用生命去为自己的虚荣和面子买单。自然一生都在为资本家打工了！
消费者思维方式，就是以吃到什么特别的东西，买到什么特别的东西，作为“自己很有价值”的价值锚定！其实全是虚假的自我价值，是消费者思维方式。是价值毁灭模式。
真正的经营者思维方式，就是：我能创造出什么东西，我如何让别人满意，让别人愿意为我的创造此付钱。这就是“价值创造模式”。是真正的创造了价值。
第二个就是：绝不能去从事出售身体和时间换钱的工作
！
年轻人一定要去做能够积累声誉和创造的工作。
一些“精明”的大学教师，会几十年都教相同的知识。会用一个发黄的多年前的教案来上课，这样连备课的任务都省掉了。他们认为自己很会投机取巧。。。用最少的大脑投资，换来了每个月的工资收入。忘记了他真实付出的---是自己的生命。
因此，如果他长期没有成长，损失最大的人是自己！因为这种教师从刚开始工作的时候，到他退休离职的时候，没有真正的去成长自己，积累自己的个人声誉。一旦他离开学校，单位，他就毫无价值。实际上大多数的职员，都是这样的情况！真实价值趋近于零。甚至是负价值。
判断的方式很简单：
你是越老越值钱，越会赚钱，还是老了。根本没有人理睬你？你还不如年轻的时候有价值？
如果你退休，离职之后就无人理睬，你本质上个人就是没有价值的，因为你的价值来源于职务，而非你自己真实的价值。
20多年前，我虽然在大学当教师。但我并不是为了工资而去教课的。而是为了荣誉---我愿意分享给大学生们我认为最有价值的思考。不去考虑学生付费没有。但我会提醒他们---要珍惜我的课程，因为以后要花很多钱才能上我的类似课程。实际上事实证明了这一点！
正因为这份年轻的时候 不断的自我投资，不去追求金钱回报，不断积累和成长个人名誉，才有机会在今天让很多人愿意花费不菲，千里迢迢的来听我的付费课程。我20多年前的讲课录音，会被这些人翻出来反复的学习，这就是不断积累的“声誉”带来的价值！
为啥说是声誉的价值？
如果你仅仅是把我讲课的知识和内容，录下来背熟了拿出去讲的话，没有人会为你付钱的，只会说：讲的不错！因为你没有“积累个人声誉”。这就是区别！
消费者思维方式，就是以吃到什么特别的东西，得到什么特别的东西，作为“自己还不错”的价值锚！
经营者的思维方式，是以“自己能创造出什么特别的东西”，来作为自己的价值锚定！
比如：2024年国内市场手机出货量约3.14亿部。我用的手机，是8年前的华为手机。很多人一年要换一部手机，几年就要换一部新车！你以为是商家是为了你的利益来和方便，才推出的新机吗？实际上---商家是为了赚钱来诱惑你购买新机的！很多功能你根本就不需要。你真的想要双屏，三屏吗？
所有媒体都在积极推销，热情介绍给你的东西，本质上都是你不需要的。而你生命最需要的东西，根本没有人去出售，
实际上是几乎就是免费的---空气和水。
手机的历史上，不会记录消费者个体的购买行为。只会记录下“华为2018年推出了MATE20”。“2025年华为用4600万台手机重返中国市场出货量第一地位”。因为只有经营者才“被记录”，消费者只是被利益集团用广告驱使的一群凑数字的牛马罢了！
只不过他们是一群自以为是，沾沾自喜，自以为有价值的牛马。的确--如果没有奉献的价值，他们会被抛弃的。会被利益集团视为无效对象。
第三个：年轻人绝对不能去“随大流”，去做大多数人都能做的事情。你在年轻的时候，最重要的事情，就是去竭尽全力成为某个你选择的细分领域里面的顶尖人物！
这个社会本质上是拒绝平庸的。历史只会记住谁是冠军，而不会关心谁是第二名，第三名。。。虽然实际上，运动员的水平都差不多，大家的训练强度和投入，时间都差不多，本质上谁都有可能取得冠军。但只有超越自我，超级自律的第一名，才会被记录下来，才会给投资溢价。
几乎不会有人愿意为跟随者付费。他们都只愿意为冠军付费！
因此，只有成为行业的顶尖人物。你才可以获取大量的资源和机会的支撑！你的选择空间就更为广泛，自然，你的人生就更容易成功！
如果你只是追随者，你会活得很难！一名顶尖的拳手，可以获取每场比赛上亿的奖金。但一名平庸的拳手，连糊口的生活费都很难满足。
这就是残酷的社会现实：这个社会只奖励头部人物。平庸者只能艰难的生活和工作！
比如2025年，汽车行业全球第一名---丰田汽车的总利润2000亿元，是全部中国18家汽车公司总利润的2.4倍。甚至全世界的汽车公司的总利润加在一起，都赶不上丰田一家公司的的总和。因为剩下的大多数汽车公司，都是亏损的！或者是在亏损边缘苦苦支撑的！
这就是头部企业的价值：企业上，无法进入前三名，长期来看，几乎就没有生存权！
中国汽车的第一名是比亚迪，她的存在已经成为了其他汽车公司的共同“敌人”。他的目标是超越丰田，销量上正在赶超中，但利润上，以及市值上，都差距甚大！还需要进一步的努力。
因此。成为冠军选手的诱惑极其巨大，意味着巨大的机会和利益！所有有企图心的企业，和个人，都在想法创造自己的第一名记录！
年轻人想要人生成功，就是年轻的时候，不要去做“享受生活”做消费者，而是要“享受创造”。
要像苦行僧一样努力训练自己，在自己设定的领域中，尽量做到顶尖，至少是顶尖之一！这才是成功的人生设计。而不是天天去琢磨吃到了什么东西，玩了什么好玩的东西。
【好像上面的思维方式，是从小养成的，如果没有养成的话，18岁之后就固化了】
转：公主班的人生支点思考题
记者问芒格（巴菲特的合伙人）
「如果你一觉醒来，重回25岁，豪宅消失，人脉切断，口袋里只有下个月的房租，甚至还有一笔助学贷款，你会怎么做」
1：请你帮芒格回答这个问题？设想芒格应该怎么做？
2：请你理解芒格的回答，告诉我们—-你会怎样把芒格的智慧用出来？
芒格自己的回答，请说出你的理解？
1. 出售确定性，而非时间和体力。
2. 你必须像苦行僧一样，不断积累提升，成为某个细分领域的真正专家。
一定要像苦行僧一样，把自己关在一个极小的领域疯狂地深挖，直到成为这个领域的的头部，成为那1%的人。
3. 修建防御消费主义的护城河，并等待那关键的一击。"
37,专栏文章,清一山长 我为什么这么看好您,https://zhuanlan.zhihu.com/p/1955334032284943912,冯敬东,feng-jing-dong-39,https://www.zhihu.com/people/feng-jing-dong-39,,133,MEDIUM,新教育争议/误人子弟/毁孩子/伪国学,是靠听别人说什么，你就怎么样，误导你，骗你，真是没商量。 对不对,"我们都想活的明白一点，任何好书都是让人更明白的。好电影同样。
十年前，刚刚股市投资挣了些钱，研究股市股票累了以后，为了调剂学习，换一下脑子。
也是由于独立投资，时间是大把的自由。
当时是博客时代，偶然——也是必然，因为当时被山长博客的文章吸引———看到一篇，山长推荐的250部电影。
也没有什么资源，迅雷，百度搜索。
之前看博客积累起来的对山长的好感，让我试着看起这些电影。之前看电影比较单一，这里推荐的电影，好多都是世界级的获奖电影，真的感觉是为我打开了一个全新的认知世界的角度。
一部一部的看，越看越想看，一年多的时间，我竟看了有其中的三分之二，就像山长推荐的音乐书籍一样，都让我成长很多。
（有时就想，山长推荐的都有这么多电影音乐书籍，肯定都是他看过的精品，他实际得看过多少呀？）
山长推荐的书籍（回头有时间专门总结一篇）、电影、音乐（回头也可以写写），在我看来都是世界顶级的。
再加上之前看的山长《道德经》解读，我逐渐认定山长绝对是最顶级的人物！
具体说点看电影的收获
都是非常正能量的电影，鼓励人们爱，付出，互相帮助。
也有很多直面人性的。
黑泽明导演的罗生门，是我向人推荐最多的。
故事非常简单，却拍出了人性的复杂多变，与不变。
农夫，旁观者的视角。却也不旁观，因为掺杂了他的利益，偷了现场的东西，却想隐瞒；没有勇气作证，却要显得勇敢正义。这些必然使他，隐瞒真相，编造一套符合他想隐瞒偷东西、显得自己非常正义勇敢的假故事。
每个人都一样，一带非常有名的强盗———一般的人设是，凶残，强壮，心狠手辣，仗义，武功高强等等。实际是胆怯，畏首畏尾，偷袭，惊慌失措，所以他肯定会把事实往大家都认可的人设上，歪曲。
武士，妻子，都是一样。
我们每个人都一样。
包括我自己。
我们在说事实时，多少都会往自己好的人身上靠，只是程度不同而已。
所以，两个清粉（还算不错的群体）一起经历的事，互相对起来，也是说不清楚，重叠的有三分之一就算不错了。
这当中自然有办事时，互相本来的误解。
故意的提高人设也是起了很大的作用。
这就是人性。人性就是如此！
现实社会，你去听话，去听，如此去听。。。。
好有道理，这还不是说他们想故意骗你的情况。只是一般，经常，不自然就出口的。
所以你私下里听到的，私下传的，还有几分真实？
如果你只是靠听别人说什么，你就怎么样，误导你，骗你，真是没商量。
对不对？
所以私下里，瞎传的一些事，你给我说，我基本上是，一边去。。。。
耽误时间，有意义吗？
所以 
#清黑是人生失败者
 无疑。"
38,专栏文章,"最早的山长助理，我跟随在张清
一
老师身边17年的小故事——前言",https://zhuanlan.zhihu.com/p/10329307336,心教育,chen-miao-fen-59-54,https://www.zhihu.com/people/chen-miao-fen-59-54,,65,MEDIUM,骗子/圈钱/洗脑/割韭菜/套路,因为我傻，有人说因为我被张老师洗脑了，还有人说因为我是张老师的小,"作者：今日学堂 宋晓莉（宋明觉）老师
时间：丙申2016年12月16日
本文为转载，接下来两天更一回
我为什么17年来，一直跟随张老师？
17年来，我的身份不断转变：我从学生到员工，从小职员到总经理助理，从商界到教育界，我从商人又变成了教师，从小女生长成了妻子和母亲，我从武汉跟随到了云南......
这么多年，这么多的改变，我为何从来没想过要离开张老师？
是什么东西吸引我留下这么久？
而且这个跟随的时间，看来毫无疑问会跨越20年、30年，甚至一辈子？
这么多年来，对这个问题的答案，有人说是因为我傻，有人说因为我被张老师洗脑了，还有人说因为我是张老师的小情人（幸亏我丈夫根本不相信这种鬼话）......我也一直没有机会好好的对外解释和说明。现在却发现：一些根本就不了解张老师的清黑，居然煞有介事地说，他们只需短短的几年、几个月、几次课，甚至很多人连课都没上过，只是看过他某篇文章，或者听到别人转述过他的只言片语，就一下子把张老师“看清了本质”和“骨子里面的东西”。
我不禁想：这些清黑，是不是比我的脑子要好太多了，我17年都没看看懂的事情，居然他们这么快就全部看懂了，看透了？我去看了清黑们发表的文章和发言，又哑然失笑。这群人说话颠三倒四、逻辑混乱，脑子明显没我好嘛！只是叫得欢罢了，没有什么实在的内容。我就想，是不是我该把我17年来认识到的张老师写出来。
由于我长期做过张老师身边的商务助理和教务助理，对他的公私生活，恐怕比其他所有人都了解更多。而且，我还是张老师和刘老师的牵线人呢！他们两人的第一次见面，我还是陪同。刚开始的一些故事很有趣，也很搞笑。这些故事，也许除了我以外，没人会写出来了。也许大家会有兴趣看的。下面就是我写的第一回，初见张老师。以后我有时间，会慢慢写下去的，也是对我的人生选择，做一个阶段性的总结吧!
为什么17年跟随，不离不失？
算一算跟随山长的时间，整整17年了。从大学毕业到现在，中途有很多机缘可以让我离开，但却从来没有想过要离开。比如，有所谓的好心人，劝我出去开创自己的事业；有企业的老板，想用高薪挖我去他们的公司工作；有一些家长，鼓动我开办一个学堂，他们说会把自己的孩子送进我办的学堂；有不少培训机构和新教育学堂，想要让我去做校长，或者和我一起合伙办学......所有的这些，从来没有让我产生过离开学堂的念头，包括山长也曾因为担心我和丈夫长期分居不利于维持家庭关系，劝我回归家庭，好好相夫教子，我也很认真的跟山长说：我不会走的，除非你赶我走！
那么，山长有什么样的魅力，学堂有何吸引人的地方，让我和老师们从认识山长开始，从进入学堂之后，就不愿再选择离开了呢？
目录
第一回 结缘山长
一、传说中的儒商
二、记者站实习见闻
三、遇见山长
心教育：传说中的山长 | 最早的山长助理，我跟随在张清一老师身边17年的小故事
第二回 认识山长
一、一个才华横溢的老板
二、樱花节，大刀向鬼子们的胶卷砍去
三、一个不像老板的老板
四、武汉电器行业中的另类：一个从不找情人的老板
心教育：一个特例独行的老板 | 最早的山长助理，我跟随在张清一老师身边17年的小故事
第三回 深入接触（上）
一、独特的试用期考核——专业考试
二、洞察秋毫，整治公司试用期的潜规则16
三、亏本生意开心做：“进口CD机只售99元”的玄机18
四、老师的贴心改造：脱掉了“心爱”的高跟鞋，我变成了“女侠”
心教育：试用期的挑战与成长 | 最早的山长助理，我跟随在张清一老师身边17年的小故事
第三回 深入接触（下）
五、任人唯贤，资历为本事让路
六、从未出过国的老板，却奖励员工豪华出国游
七、春节公司不打烊，员工放假老板守店
八、管工作还管学习，学习还能拿奖金，你见过这样的企业吗？
九、远离低俗，追求有品味的人生：今日电器带给我的古典音乐熏陶
心教育：从实习生到销售冠军 | 最早的山长助理，我跟随在张清一老师身边17年的小故事
第四回 培养员工（上）
心教育：来自金钱的考验 | 最早的山长助理，我跟随在张清一老师身边17年的小故事
第四回 培养员工（下）
一、为员工制定职业规划
二、公司福利：让员工入股，一起分享公司的成长
三、进阶学习：中层干部是怎样炼成的？
心教育：从员工到股东 | 最早的山长助理，我跟随在张清一老师身边17年的小故事
第五回 外人眼中的张老师（上）
一、把店开到乡下
二、你是张老板的亲戚吧？
三、世上本无事，庸人自扰之
心教育：最早的山长助理，我跟随在张清一老师身边17年的小故事
第五回 外人眼中的张老师（中）
一、做人最大的失败是信用的破产
二、老师的商业新创意
心教育：诚信、创新与团队精神 | 最早的山长助理，我跟随在张清一老师身边17年的小故事
第五回 外人眼中的张老师（下）
一、为网店学开车44
二、这是做生意必须支付的成本
心教育：从学车到管理网店 | 最早的山长助理，我跟随在张清一老师身边17年的小故事
第六回 人生学习的根本，超卓的商业布局
一、为什么修心是人生学习的根本
二、为什么要开创三足鼎立的商业局面
心教育：迈向人生巅峰的关键 | 最早的山长助理，我跟随在张清一老师身边17年的小故事
第七回 小偷眼中的敬畏之人
心教育：如何应对小偷？ | 最早的山长助理，我跟随在张清一老师身边17年的小故事
第八回 保姆身边的贴心老板
心教育：老板与老师的双重角色 | 最早的山长助理，我跟随在张清一老师身边17年的小故事
第九回 失信的冠军教练
心教育：和“白眼狼”的故事 | 最早的山长助理，我跟随在张清一老师身边17年的小故事"
39,专栏文章,清一新教育｜我眼中的清一山长,https://zhuanlan.zhihu.com/p/1976306686198321468,王小花,92-33-68-79,https://www.zhihu.com/people/92-33-68-79,,21,HIGH,骗子/圈钱/洗脑/割韭菜/套路,听邻居说起的，我觉得这怕不是个骗子，我邻居怎么看着好像被洗脑了一 | 是个骗子，我邻居怎么看着好像被洗脑了一样，说她是清粉，而且她很多,"清一山长是谁？
我眼中的清一山长！
第一次听到清一山长，是在楼下店里喝茶听邻居说起的，我觉得这怕不是个骗子，我邻居怎么看着好像被洗脑了一样，说她是清粉，而且她很多行为看起来和周围人都不一样。
怀着好奇和探究的心，买了山长的演讲书籍开始看，后来又陆续在知乎和公众号上看山长的文章，感觉打开了我新世界的大门，山长说的教育理念特别认同，我决定送我儿子去新教育学堂学习。随着了解的越来越多，我知道了清一山长是一位教育家，清一山长是一位投资家，是一位哲学家，是一位思想家，是一位一直在为中华传武而努力的一代宗师！
清一山长是一位拥有大智慧的慈悲的人生导师，何其幸运我们家庭能结缘清一新教育，结缘清一山长，让我们家庭受益良多。孩子从衣来伸手饭来张口的“小王子”到现在内务做的比我还厉害的娃，从第一次打拳的崔跑跑到十岁十场生日狙手战，从一个过敏性咳嗽折磨全家深圳长沙多地大医院跑遍了也搞不好到现在轻松完成50公里身体棒棒的。真的有幸遇见山长的清一新教育，给我换来一个全新的儿子，无比感恩。我们夫妻关系也在学习山长的新教育理念以及生活中践行新教育越来越融洽。山长教会我们看透生活的本质，看到人生的真谛，过真实自在的日子，很感恩也很知足。
清一山长的宏愿是:
愿中国有真教育，
愿父母之邦有佳弟子，
愿天下学子有明师指路，
愿中国博大精深的优秀传统文化发扬光大！"
40,评论区(主评),清一新教育｜我眼中的清一山长,https://zhuanlan.zhihu.com/p/1976306686198321468,罗红梅,xi-yun-91-1,https://www.zhihu.com/people/xi-yun-91-1,2025-11-26 06:24:03,0,MEDIUM,骗子/圈钱/洗脑/割韭菜/套路,论 亲，原来我曾经的分享像是被洗脑的样子，哈哈。。那我以后尽量像,亲，原来我曾经的分享像是被洗脑的样子，哈哈。。那我以后尽量像个正常人去分享[大笑]
41,评论区(楼中楼),吃水埋了挖井人？张健柏先生，十年清一新教育基金，该晒晒结果了,https://zhuanlan.zhihu.com/p/1932801543318505280,FAFN,fafa-54-68-60,https://www.zhihu.com/people/fafa-54-68-60,2025-07-28 21:49:45,0,MEDIUM,骗子/圈钱/洗脑/割韭菜/套路,钱呀？熊杰有一亿在里面呢！你不退钱的方式就是打成清黑！大爱的山长,"脏山长用“又要搬又要放弃”、“狼”又来“抢”，极尽挑拨之能事。三言两语清粉小可爱又发起“保卫战”了！！
脏山长，解释一下基金会钱去哪儿了？
你股票账户的钱不就是基金会的钱转进去的吗！？
慧兰酒店建设也没用你的钱呀？熊杰有一亿在里面呢！你不退钱的方式就是打成清黑！大爱的山长，有你这样的老师，以后我们在社会上遇到哪些大奸大恶都是小意思了！！！终极大课啊！
你慧兰酒店养了一大批职业打手，熊杰吓破胆他也不敢来呀？来了可回不去了[捂嘴][捂嘴][捂嘴]"
42,评论区(楼中楼),吃水埋了挖井人？张健柏先生，十年清一新教育基金，该晒晒结果了,https://zhuanlan.zhihu.com/p/1932801543318505280,FAFN,fafa-54-68-60,https://www.zhihu.com/people/fafa-54-68-60,2025-07-28 22:03:20,0,MEDIUM,骗子/圈钱/洗脑/割韭菜/套路,前一句“投入教育不为赚钱”！ 忽悠善良的清粉做炮灰时，就说后一句,"脏山长说啥，需要服务于他的目的：想挑拨清粉，就林妹妹上身委屈状，胁迫“捆绑”清粉写“买家秀”小文章时，就说前一句“投入教育不为赚钱”！
忽悠善良的清粉做炮灰时，就说后一句“投股市早发财了”。
准备开“财富傻猫课”时，就说我老婆刘cun大神是十几亿大富婆。
分散到股市里十几亿，
隐藏的其他“篮子”里的鸡蛋不止这点哈[赞]"
43,评论区(楼中楼),吃水埋了挖井人？张健柏先生，十年清一新教育基金，该晒晒结果了,https://zhuanlan.zhihu.com/p/1932801543318505280,爱丽丝泡泡,zhou-ying-82-53,https://www.zhihu.com/people/zhou-ying-82-53,2025-07-28 23:22:16,0,MEDIUM,骗子/圈钱/洗脑/割韭菜/套路,，该晒晒结果了】的评论 以前被忽悠得他说啥都对…现在可知道了，得,以前被忽悠得他说啥都对…现在可知道了，得长800个心眼子看他的东西
44,专栏文章,"清一山长
 是最有原则性的人",https://zhuanlan.zhihu.com/p/1960081531264569577,冯敬东,feng-jing-dong-39,https://www.zhihu.com/people/feng-jing-dong-39,,155,MEDIUM,骗子/圈钱/洗脑/割韭菜/套路,人！ 所以，你说山长贪污挪用，敛财，什么的。 我只能说，你真不懂,"山长是自尊自爱，坚持基本原则的典范[红心]
这样的师长也能被人攻击挪用和贪污善款。简直了[捂脸]
我说一个例证，当然，我也没有看到实际操作。
只是，看山长的文章说。
只是说，我就觉得特别的自尊，自强。
因为这个事，没必要如此说瞎话，因为对于普通人，这看起来简直是傻。
前几年，股市打新，老股民都知道的。这个就是稳赚的一笔买卖。
当然国家为了提振股市，为了让大家长期持有，减少短期的炒作，出了新股市值配售的政策。
现在的政策等于是你不用卖出股票，同样市值的股票等同于现金，给你配售股票。
这个尤其对于价值投资者，等同于白得的一种收益。
因为，我们的股市有炒新，就是炒作新股的历史，经常你中一签，就是几万块钱。记得我中的最大一签是宁德时代，十万一签，开盘几天就翻倍了，挣了十万。
刚出这个政策，股市基本在底部，后面上涨的时候自然就多，新股收益在在市场好时，基本都很好。
有人统计，政策出来的前两年左右，只打新股这一项平均收益率能到15%这样，尤其是对于一些大户，收益率更是稳定。
以山长的资金量，一两个亿的账户，每年就是几千万的收入。
每天就是打开账户，操作一两分钟的事。
甚至你不愿意费时间，证券公司，提供给大客户免费的打新服务，当然只针对大客户。山长是够这个级别的。
我关注的大户，当时比较有名的东博的老股民，散户乙，很多大卫，都是打新的，在当时的价值投资者圈里，叫无风险套利。
但，我们的股民就是爱炒新。直到现在还是如此，新股破发很少，中签就相当于挣到。
这就是一个博傻游戏，感觉不用一点智商，好多人都问，这是谁在买。到现在也搞不清楚。
山长，就不参与[拜托]我大写的一个服。
不允许自己挣这么啥的钱。
这几乎是山长的原话。
对山长的这一行为，到现在我也理解的不是太透彻[捂脸]
但至少一点，是那种最有原则性的人！
所以，你说山长贪污挪用，敛财，什么的。
我只能说，你真不懂股市这里面的各种挣钱的门道。
想挣钱还有什么比金融领域更好的？
不懂金融挺可怕的[捂脸]
原来想法的链接
https://www.
zhihu.com/pin/194742817
1214481012?native=1&scene=share&share_code=PinoOeu4PjPK&utm_psn=1960083695558952733
  #今日学堂  #清黑是人生失败者"
45,评论区(主评),"清一山长
 是最有原则性的人",https://zhuanlan.zhihu.com/p/1960081531264569577,覺清,jue-qing-27-81,https://www.zhihu.com/people/jue-qing-27-81,2025-10-11 09:37:47,0,HIGH,骗子/圈钱/洗脑/割韭菜/套路,清黑乱说的这些话，不是傻子就是骗子。 这种自尊尊人的人不会傻到干,"#挪用和贪污善款#山长是不可能做这样的事情的，相信清黑乱说的这些话，不是傻子就是骗子。
这种自尊尊人的人不会傻到干这种事情[大笑]打新这种博傻的游戏山长都不参与，他更不可能做明显错误的事情"
46,专栏文章,"清一山长
所在的新教育圈一直以来股神倍出，那该怎样鉴别真假呢？",https://zhuanlan.zhihu.com/p/1884172709195388396,涤尘,charlychy,https://www.zhihu.com/people/charlychy,,67,HIGH,假武术/无实战能力/花架子、骗子/圈钱/洗脑/割韭菜/套路、新教育争议/误人子弟/毁孩子/伪国学,明其真实的投资能力和投资实力。嘴炮谁都会，模拟仓和手工账本与真实 | 来投资失败，被股东和跟随者追着退钱还钱，股市号称重仓其实只有少量 | 脸。        另外，因为误导投资一些小市值股票，让一些无脑,"前几天，太太将两个新教育圈投资人分享的心得转给我，希望我在投资上好好学习，不断精进。言外之意，你看他们短短十年不到都是几十倍，百倍甚至万倍的收益，你这都好几年了，也没见你翻个倍（虽然去年收益都快赶上某人的总资产了，但毕竟离翻倍差老远，太太不满也正常）。
       我知道，她是想报一箭之仇，挽回些颜面。几年前，她被清一新教育圈的U兄关善祥（大家自己去查证，已成名人了），号称的十年万倍收益吸引，执意要拿一百万去买他的基金，被我坚决制止。后来U兄的基金亏损得破产清盘本人身死（真死假死未知），新教育圈投资他基金的家庭血亏得一地鸡毛。她庆幸不已的同时，总觉得失了些颜面。
       我抱着学习的心态，认真看了下这两人的投资历程，简述总结如下：
       XXX：
       1，从2014年4万起步，中途再入金2万，到2016年，投资收益翻了7倍，到40多万。这中间2015年年    中开始大盘连续跌停，并持续暴跌腰斩，几乎无损失。
       2，2021年到2024年，几年不到，从60万，投资收益翻了7倍，到400万。
       十年时间，接近50倍的收益，厉害不？确实厉害。
       据他自己的描述，主要靠学习山长、黄老师（经查该老师其实近年来投资失败，被股东和跟随者追着退钱还钱，股市号称重仓其实只有少量持仓在港股中小银行，主要投资中小城市房地产法拍房被套牢，网上公开可查可追溯）和卢老师（不详），靠自己写写代码和研究的两个指标，跟着山长赌国运，加上走了狗屎运才赚到的。并且提出，愿意分享给有缘人（是不是言外之意是要成立自己的基金，类似U兄，不得而知）。
       这是不是有网上各种广告卖炒股软件和指标的即视感？这些都不敢夸耀几年几倍的收益。这个方式不靠谱，在投资界早为共识。
       另外一个，总结一下他的要点：靠跟着山长对宏观大势的分析，每次都精准抄底和逃顶，操作简直封神，然后赚了不菲的收益。
       这两位仁兄可能不知道，山长赌国运的标的组合到现在都在雪球上挂着呢（从2017年到现在负44%收益，主要重仓有破产了的原中国华融等）。所以不要轻易宏大叙事搞什么赌国运，容易被打脸。
       另外，因为误导投资一些小市值股票，让一些无脑跟随者受伤不浅（如退市的老千股江南集团等等），加上很多专业投资者的质疑，清一山长的雪球账号都被众人举报后雪球官方封号了。
       那有没有十年几十倍收益的呢？非常罕见，我只见过一个公开公布十年二十倍的，再多的真没见过（该投资者完全公开自己的持仓和交易流水，才让大家信服）。投资厉害的大牛最多十年十倍，一般能够达到十年3倍5倍的都是非常了不起的。大家以这个常识去判断不会错。真正投资能够赚 的基本上都来自于坚实的行业、公司和商业分析。搞指标，看趋势，巴菲特早就告诉过不靠谱。如果这个可行，只要每天能赚一个百分点，一万的本金不到四年你就可以收益上亿。据我所知，地球上还没有出现过这样的人。
       新教育圈是个盛产股神的地方，U兄关善祥、山长都是被粉丝们号称拿着几万或几十万本金十年或者二三十年就获得上亿收益的。如今又有这几位，粗看下来，十年投资收益几十倍的人。这些是否真实可信，请按照我上面提供的常识和小学数学进行判断推演，真假自然可见。
       如果还是被各种眼花缭乱的操作文字吸引，真要跟随这些大牛投资，或者把资金交给他管理，请先严格进行鉴定鉴别，方法也很简单。就像我曾经制止太太投资U兄一样，要求鉴别真实性：
       1、提供持仓、完整出入金记录和号称收益多少倍的交易流水截图记录；注意要是主资金仓位，小资金不算。
       2、更严格些，要提供证券公司盖章的持仓文件、资金流水文件、股票交易交割文件。这个在全球都是可以作为资产证明的。买过房或者抵押贷款过的人都清楚这点。
       这些东西，尤其是证券公司提供的盖章文件，一般很难作假，作假也容易被发现。如果以十年跨度来要求提供的这些数据都提供不了，那就无法证明其真实的投资能力和投资实力。嘴炮谁都会，模拟仓和手工账本与真实交易尤其是大额资金的真实交易是完全不同的，不能作数。
      一般这个时候这些大牛会恼羞成怒（我后来质疑的言论被直接被删和拉黑）。甚至有的股神可能会说原来的证券公司倒闭了被熬垮了，没这些东西。其实我告诉你，证券公司倒了，其交易数据会在国家证券交易所，并会安排随账户转移到新的证券公司，所以不存在没数据这个问题。
       毕竟你要将钱交给他打理了，或者跟随他投资了，还是要慎重再慎重，你说呢？希望大家不要再踩这些“股神”的坑了。"
47,专栏文章,张清一是“骗子”还是导师？,https://zhuanlan.zhihu.com/p/352573221,宋传军,yu-shi-ju-jin-38-37,https://www.zhihu.com/people/yu-shi-ju-jin-38-37,,162,HIGH,假武术/无实战能力/花架子、骗子/圈钱/洗脑/割韭菜/套路,在观望，看看这个清一山长会怎么吹牛，反正对我也没多大损失。 | 张清一是“骗子”还是导师？ 五年时间验证“骗 | 子”还是导师？ 五年时间验证“骗子”        2012年的,"五年时间验证“骗子”
       2012年的时候，为了给孩子最好的教育，我到处寻找教育“秘方”。看到很多教育专家的理论都觉得很有道理，什么“爱与自由”、什么“素质教育”，并且花了大量的时间和精力去学习过。但是好像这些理论对我和我的孩子帮助并不大。
       机缘巧合下，一个网友给我推荐了“教育张清一”的新浪博客，博客里展现出今日学堂孩子的教学成果深深震撼了我。14岁的小女孩写出的文章比大人还好、14岁的孩子辩论战胜了名校大学生和博士生、十几岁的大孩子教十岁左右的小孩子四个月突破英语等教学成果简直太神奇了，但这是不是作假呢？我和大多数人一样，抱着看热闹的心态一直在观望，看看这个清一山长会怎么吹牛，反正对我也没多大损失。
       直到2016年底，我在杭州看了一场今日学堂英语突破班的分享会。在现场我看了令人惊讶的表演，只学了4个月英语的10岁孩子，全程可以用流畅的英语进行表演，同时做中文演讲也很有深度。如果只是学习表现好也就罢了，他们运动能力还特别强，很多高难度的垫上运动，让人眼花缭乱。这些孩子们表现出来的精神面貌让人一看就非常喜欢。他们个个精神饱满、神采飞扬，完全没有压抑或者厌学的情绪。看的出来，他们是真心喜欢学习，而不是被压迫、被压抑的去学习。
       我再也无法淡定了，我觉得这就是我想要的教育，我赶紧回家告诉老婆这个好消息，我告诉她，不加入这样的新教育，真的是我们家的损失。为了打消老婆的疑虑——担心表演的学生只是筛选出来的，我又带老婆去上海参加了一次分享会，让老婆现场见证今日新教育的神奇，可以批量培养出卓越的孩子。在得到老婆的支持下，2017年暑假我们顺利把大女儿送到了今日新教育的一家外围学堂学习。
                                          一人进入新教育，全家一同齐受益
       自从女儿进入新教育学堂，我们家对新教育的理解更加深刻。原来始终搞不懂，新教育到底是用什么方式来培养孩子。近距离接触后才知道，是通过运动与做事来磨练孩子的心性、培养孩子的能力，从而实现对孩子精神品质的提升。
       就拿运动来说吧，不仅我们的孩子因为运动，精神面貌和身体健康得到了改善，我和我爱人的健康也发生了翻天覆地的变化。那时单位组织体检，我的身体没有什么大毛病，就是有一些常见的富贵病。像高血脂，脂肪肝，肾结晶我都没有落下。
      在学习的山长《体育是精英教育的核心》后，我们家也和孩子一起运动起来。平常工作比较忙，我们全家（除了在学堂的女儿）就坚持每周去爬山徒步。坚持一年后，我参加了本地社会组织的一次跨年百公里毅行徒步。第1次参加没有什么经验，但是我也走了令我自己惊讶的距离——74公里。第2年也就是2018年，我和朋友们一起练跑步，练了半年以后轻松突破半马。2019年元旦，我和伙伴们再次参加行者俱乐部举办的环巢湖百公里毅行，我历时28小时顺利完成。
       自此以后，我们家节假日不是在徒步，就是在去跑步的路上，每天早上赖床的习惯也在被晨跑或者徒步替代。我和妻子的身体状况越来越好，我的高血脂、脂肪肝以及肾结晶，在不知不觉中消失了。而我老婆的很多衣服也在不知不觉中大了一圈，没法穿了，她们单位很多20岁的小年轻都羡慕她的苗条身材。
       2019年10月国庆，我们全家一起参加了环巢湖4天3夜168公里毅行。
      2021年元旦，我们全家在合肥参加行者俱乐部组织百公里毅行。我和不到12岁的女儿，冒着-10~1摄氏度的低温，用时29小时完成百公里。连9岁不到的儿子也跟着我们走了85公里。
      在这些看似“无用”的徒步运动中，孩子们除了锻炼出卓越的体能，自信与坚毅品质被悄悄的磨练出来，然而这些都是看不见的成果。现在我的孩子以考入今日学堂为目标，立志做最好的中国人。
      对了，我还看到网上有些人说清一山长开收费课程，就是在骗钱敛财。恰好我也上过山长的收费课程——财富课。我只知道我自从2019年辞职以后，我的生活费、我孩子上新教育学堂的学费以及我上山长的课程费，都跟着山长学投资赚回来了。
      清一山长是不是别人说的骗子？我用9年时间验证，他不仅不是骗子，还是给我教育方法、投资方法以及指导我成长的导师。这样的“骗子”，天下哪里去找？！
      我叫宋传军，欢迎大家和我一起践行新教育，做最好的中国人，成就更好的自己。"
48,评论区(主评),张清一是“骗子”还是导师？,https://zhuanlan.zhihu.com/p/352573221,紫陌红尘,72-48-82-10,https://www.zhihu.com/people/72-48-82-10,2023-01-11 09:53:18,0,HIGH,骗子/圈钱/洗脑/割韭菜/套路,关于文章【张清一是“骗子”还是导师？】的评论 我不是清,我不是清黑，孩子也没上过新教育，只是身边很多家长经历了新教育，现在孩子无路可走，才逐渐看清这是一个骗局，只是想提醒各位家长，不要拿孩子的前途去赌，骗局都是一环扣一环，没有一个实现的，据新教育内部爆料，有一部分孩子严重抑郁，希望可以帮助大家，不要再沉迷于此
49,评论区(楼中楼),张清一是“骗子”还是导师？,https://zhuanlan.zhihu.com/p/352573221,小知求学,he-zhen-77-79,https://www.zhihu.com/people/he-zhen-77-79,2023-12-06 12:05:06,0,HIGH,骗子/圈钱/洗脑/割韭菜/套路,关于文章【张清一是“骗子”还是导师？】的评论 你这个只,你这个只是听说，清一真是个懂教育懂投资的怪才，很少人能望其背。
50,评论区(楼中楼),张清一是“骗子”还是导师？,https://zhuanlan.zhihu.com/p/352573221,AndyEnder,andyender,https://www.zhihu.com/people/andyender,2024-06-17 10:17:10,0,HIGH,骗子/圈钱/洗脑/割韭菜/套路,关于文章【张清一是“骗子”还是导师？】的评论 所有教育,所有教育形式都有抑郁的[尴尬]
51,评论区(楼中楼),张清一是“骗子”还是导师？,https://zhuanlan.zhihu.com/p/352573221,自知者明,ren-zai-lu-tu-46-66,https://www.zhihu.com/people/ren-zai-lu-tu-46-66,2025-09-19 14:41:47,0,HIGH,骗子/圈钱/洗脑/割韭菜/套路,关于文章【张清一是“骗子”还是导师？】的评论 忽悠 | 是“骗子”还是导师？】的评论 忽悠,忽悠
52,评论区(主评),张清一是“骗子”还是导师？,https://zhuanlan.zhihu.com/p/352573221,海 CHike,23-58-54-11,https://www.zhihu.com/people/23-58-54-11,2023-01-17 22:44:38,0,HIGH,骗子/圈钱/洗脑/割韭菜/套路,关于文章【张清一是“骗子”还是导师？】的评论 我是今日,我是今日学堂西语班的学生，我真心的建议您，新教育不是什么好地方
53,评论区(楼中楼),张清一是“骗子”还是导师？,https://zhuanlan.zhihu.com/p/352573221,Yeonjun,xiao-mi-zi-10-84,https://www.zhihu.com/people/xiao-mi-zi-10-84,2023-02-07 22:07:29,0,HIGH,骗子/圈钱/洗脑/割韭菜/套路,关于文章【张清一是“骗子”还是导师？】的评论 同意，刚,同意，刚出来，被搞走的
54,评论区(楼中楼),张清一是“骗子”还是导师？,https://zhuanlan.zhihu.com/p/352573221,海 CHike,23-58-54-11,https://www.zhihu.com/people/23-58-54-11,2023-02-12 08:03:58,0,HIGH,骗子/圈钱/洗脑/割韭菜/套路,关于文章【张清一是“骗子”还是导师？】的评论 服了我真,服了我真的
55,评论区(主评),张清一是“骗子”还是导师？,https://zhuanlan.zhihu.com/p/352573221,香雪莲,chu-xue-hou-sheng,https://www.zhihu.com/people/chu-xue-hou-sheng,2022-09-04 03:59:27,0,HIGH,骗子/圈钱/洗脑/割韭菜/套路,关于文章【张清一是“骗子”还是导师？】的评论 您可能还,您可能还沉浸在自我陶醉之中，我朋友孩子也在里面学习，其实除了他说的体能和英语外，基本没啥可吹嘘的。说句实话我孩子也一直学英语，他引以为自豪的英语根本就好不了我孩子多少，至于其他学科，可以用一塌糊涂来形容。我建议你和身边同龄孩子对比一下，你一定会失望，每个孩子都是可塑之才，关键看自己怎么教育。从综合来说体制内的孩子远远优于清一山长的办学。他的学校根本比不了其他私人学校。您现在学了五年，再过五年您一定把肠子悔青，因为孩子的一生，被你耽误了。这个清一山长并非善类，只是你们太善良了。不要相信包裹钻石的垃圾，要理智，就像有的家长所说，时间会说明一切，只要不是自欺欺人，我也赞同这个说法。希望您理智一点，也希望您再过五年，能够现身说法，实事求是，也算是做功德。
56,评论区(楼中楼),张清一是“骗子”还是导师？,https://zhuanlan.zhihu.com/p/352573221,楠楠,jian-dan-xiao-yu-21,https://www.zhihu.com/people/jian-dan-xiao-yu-21,2023-02-22 11:55:49,0,HIGH,骗子/圈钱/洗脑/割韭菜/套路,关于文章【张清一是“骗子”还是导师？】的评论 肯定不同,"肯定不同啊 
公立学校招聘也有门槛 
有教育局各部门来出力
难道这些人都是不干活的吗
私立学校 国际学校里面发花钱招的都是傻子吗
还有国家拨款
别的不说
张清一的理念再好
也没有这个资金
这个风控能力去实现
更不用说数学 理化生到了高年级
哪里是跟随他的不对口的985本科就能教好的
更不用说他还要办大学！大学学什么？
无经验 不对口 没指导 没继续教育
却要打赢
所以他把数理化砍了
也蹭可汗的课程 
这样他也不用引进什么人才
更何况 他的理念就是对的？
那些研究教育理念的人都是傻子？"
57,评论区(楼中楼),张清一是“骗子”还是导师？,https://zhuanlan.zhihu.com/p/352573221,心悦诚服,16-4-75-36-33,https://www.zhihu.com/people/16-4-75-36-33,2024-01-19 00:27:27,0,HIGH,骗子/圈钱/洗脑/割韭菜/套路,关于文章【张清一是“骗子”还是导师？】的评论 所说英语,所说英语也只是听说是不完整学习，没有写。
58,评论区(楼中楼),张清一是“骗子”还是导师？,https://zhuanlan.zhihu.com/p/352573221,心悦诚服,16-4-75-36-33,https://www.zhihu.com/people/16-4-75-36-33,2024-01-19 00:29:00,0,HIGH,骗子/圈钱/洗脑/割韭菜/套路,关于文章【张清一是“骗子”还是导师？】的评论 光有理念,光有理念，不落地。孩子大的家长内心会非常焦虑。
59,评论区(主评),张清一是“骗子”还是导师？,https://zhuanlan.zhihu.com/p/352573221,好吧,yang-guang-32-19-17,https://www.zhihu.com/people/yang-guang-32-19-17,2021-11-21 12:30:46,0,HIGH,骗子/圈钱/洗脑/割韭菜/套路,关于文章【张清一是“骗子”还是导师？】的评论 清一圈子,清一圈子里面，除了清一山长算成功的，还有谁成功了，有谁做出什么杰出的成就？
60,评论区(楼中楼),张清一是“骗子”还是导师？,https://zhuanlan.zhihu.com/p/352573221,好吧,yang-guang-32-19-17,https://www.zhihu.com/people/yang-guang-32-19-17,2021-12-14 15:46:05,0,HIGH,骗子/圈钱/洗脑/割韭菜/套路,关于文章【张清一是“骗子”还是导师？】的评论 你说的应,你说的应该是wxy吧，从法院出来辞职办学堂，跟着山长炒股，应该是亏的一塌糊涂，好好的工作也丢了[doge]
61,评论区(楼中楼),张清一是“骗子”还是导师？,https://zhuanlan.zhihu.com/p/352573221,雨花台,zhou-dong-55-62,https://www.zhihu.com/people/zhou-dong-55-62,2021-12-14 19:38:43,0,HIGH,骗子/圈钱/洗脑/割韭菜/套路,关于文章【张清一是“骗子”还是导师？】的评论 不是那些,不是那些参加财富课的人都说赚嗨了吗？
62,评论区(楼中楼),张清一是“骗子”还是导师？,https://zhuanlan.zhihu.com/p/352573221,雨花台,zhou-dong-55-62,https://www.zhihu.com/people/zhou-dong-55-62,2021-12-14 20:12:14,0,HIGH,骗子/圈钱/洗脑/割韭菜/套路,关于文章【张清一是“骗子”还是导师？】的评论 原来你也,原来你也认识她
63,评论区(楼中楼),张清一是“骗子”还是导师？,https://zhuanlan.zhihu.com/p/352573221,心兰如慧,beauty-wish,https://www.zhihu.com/people/beauty-wish,2022-12-13 00:22:28,0,HIGH,骗子/圈钱/洗脑/割韭菜/套路,关于文章【张清一是“骗子”还是导师？】的评论 我觉得我,我觉得我这没参加的都受益啦！这参加了也不能保证立马成仙，必经修之于身还是要有过程的
64,评论区(楼中楼),张清一是“骗子”还是导师？,https://zhuanlan.zhihu.com/p/352573221,azqz,azqz,https://www.zhihu.com/people/azqz,2023-02-06 14:29:09,0,HIGH,骗子/圈钱/洗脑/割韭菜/套路,关于文章【张清一是“骗子”还是导师？】的评论 张健柏树,张健柏树立的典型很多都不成功，吹过了。
65,评论区(楼中楼),张清一是“骗子”还是导师？,https://zhuanlan.zhihu.com/p/352573221,没事儿闲逛逛,qie-ting-feng-yin-31-40-36,https://www.zhihu.com/people/qie-ting-feng-yin-31-40-36,2024-01-09 10:02:34,0,HIGH,骗子/圈钱/洗脑/割韭菜/套路,关于文章【张清一是“骗子”还是导师？】的评论 弟子们众,"弟子们众星捧月，我身边有个沉迷于此不能自拔，十头牛都拉不回来，走不一样的路，有着自己的说辞。
主打的放下所有，降低欲望。
但是命好，没办法啊。"
66,评论区(楼中楼),张清一是“骗子”还是导师？,https://zhuanlan.zhihu.com/p/352573221,楠楠,jian-dan-xiao-yu-21,https://www.zhihu.com/people/jian-dan-xiao-yu-21,2024-02-26 09:32:42,0,HIGH,骗子/圈钱/洗脑/割韭菜/套路,关于文章【张清一是“骗子”还是导师？】的评论 然后呢,"然后呢 捡钱而已 教育就是教育人捡钱么 
投资就是比实业更高贵么"
67,评论区(楼中楼),张清一是“骗子”还是导师？,https://zhuanlan.zhihu.com/p/352573221,缘来,23-72-20-62,https://www.zhihu.com/people/23-72-20-62,2024-03-03 06:43:00,0,HIGH,骗子/圈钱/洗脑/割韭菜/套路,关于文章【张清一是“骗子”还是导师？】的评论 人活着，,人活着，无财不足以养道！😁🙏
68,评论区(楼中楼),张清一是“骗子”还是导师？,https://zhuanlan.zhihu.com/p/352573221,楠楠,jian-dan-xiao-yu-21,https://www.zhihu.com/people/jian-dan-xiao-yu-21,2024-03-03 10:02:37,0,HIGH,骗子/圈钱/洗脑/割韭菜/套路,关于文章【张清一是“骗子”还是导师？】的评论 然后张清 | ️ 手上可是干干净净 但是被他忽悠得出大错 家破人亡的 不在少数,"然后张清一养道了么？
满口不负责任的话
但是撇清责任的时候干干净净
也就是说 他会诱导你 蛊惑你 利用你的信任
但是会加一句 你自己负责 
🤷‍♀️
手上可是干干净净
但是被他忽悠得出大错 家破人亡的 不在少数"
69,评论区(主评),张清一是“骗子”还是导师？,https://zhuanlan.zhihu.com/p/352573221,白冰,wan-ke-89,https://www.zhihu.com/people/wan-ke-89,2021-04-18 23:34:13,0,HIGH,骗子/圈钱/洗脑/割韭菜/套路,关于文章【张清一是“骗子”还是导师？】的评论 醉了，你,醉了，你们孩子都不要正经学历了？读这玩意儿？
70,评论区(楼中楼),张清一是“骗子”还是导师？,https://zhuanlan.zhihu.com/p/352573221,没事儿闲逛逛,qie-ting-feng-yin-31-40-36,https://www.zhihu.com/people/qie-ting-feng-yin-31-40-36,2024-01-09 10:04:53,0,HIGH,骗子/圈钱/洗脑/割韭菜/套路,关于文章【张清一是“骗子”还是导师？】的评论 你没看人,你没看人家这个14岁就比清华的牛逼，[语塞][飙泪笑]
71,评论区(主评),张清一是“骗子”还是导师？,https://zhuanlan.zhihu.com/p/352573221,宁静,5-81-82-2,https://www.zhihu.com/people/5-81-82-2,2023-05-29 11:24:10,0,HIGH,骗子/圈钱/洗脑/割韭菜/套路,关于文章【张清一是“骗子”还是导师？】的评论 他们的英,他们的英语成绩也很差，这么多年今日本部只有3个人sat考到1400多，都是他们自吹自擂英语有多好的。他们还只学英语一个学科，每天学很多小时，都只有这点成绩。完全是吹的如何厉害。很多国际学校sat平均分都1500，所以这个教育完全是骗局，骗了很多钱。对学生更差，吃的是猪食，病了不去医院，拖着。运动量又很大，完全反智的教育。有很多孩子落下病根，甚至还有死掉的。太恐怖了，比监狱还恐怖，大家千万不要把孩子送来。学费却是8万至20万一年，很多家庭钱花了，时间浪费了，孩子没机会重来。我用生命担保，说的每一句话都真实。
72,评论区(主评),张清一是“骗子”还是导师？,https://zhuanlan.zhihu.com/p/352573221,卢嘉仪,jun-jun-91-63-89,https://www.zhihu.com/people/jun-jun-91-63-89,2021-04-06 08:17:07,0,HIGH,骗子/圈钱/洗脑/割韭菜/套路,关于文章【张清一是“骗子”还是导师？】的评论 再好的东,再好的东西，也会有人受益良多，有人吸收不了，选择合适自己的就好了，没必要生气愤怒。我自己全家也是新教育的受益者，教育孩子做事做人有一套，夫妻有了共同目标少了摩擦，个人提升方面更加不用说了，健康、教育和财富一起抓，感觉自己真的很幸运。山长的东西不是那么肤浅，真的需要深入学习，有缘的人会觉得很好，无缘的人那是怎么都看不懂，想不明白。各自安好，选择与自己水平匹配的东西才是皆大欢喜。
73,评论区(楼中楼),张清一是“骗子”还是导师？,https://zhuanlan.zhihu.com/p/352573221,楠楠,jian-dan-xiao-yu-21,https://www.zhihu.com/people/jian-dan-xiao-yu-21,2021-08-23 07:44:04,0,HIGH,骗子/圈钱/洗脑/割韭菜/套路,关于文章【张清一是“骗子”还是导师？】的评论 所以不好,所以不好就是没吸收 反正你总是有理的
74,评论区(楼中楼),张清一是“骗子”还是导师？,https://zhuanlan.zhihu.com/p/352573221,雨花台,zhou-dong-55-62,https://www.zhihu.com/people/zhou-dong-55-62,2021-12-13 12:46:33,0,HIGH,骗子/圈钱/洗脑/割韭菜/套路,关于文章【张清一是“骗子”还是导师？】的评论 他们永远,他们永远是对的~~哈哈哈
75,评论区(楼中楼),张清一是“骗子”还是导师？,https://zhuanlan.zhihu.com/p/352573221,卢嘉仪,jun-jun-91-63-89,https://www.zhihu.com/people/jun-jun-91-63-89,2022-02-23 20:07:58,0,HIGH,骗子/圈钱/洗脑/割韭菜/套路,关于文章【张清一是“骗子”还是导师？】的评论 你永远是,你永远是对的，但这不代表别人就是不对的。你若是真心为别人着想，中国还有很多不公正、不平等、被骗被拐等地方的需要你去发光发热，没必要只揪着新教育这个小团体。就不知道您实际上做了多少件好事，做了多久志愿者和义工，洗耳恭听[大笑]
76,评论区(楼中楼),张清一是“骗子”还是导师？,https://zhuanlan.zhihu.com/p/352573221,聪明的笨笨,cong-ming-de-ben-ben-47,https://www.zhihu.com/people/cong-ming-de-ben-ben-47,2022-05-11 09:24:14,0,HIGH,骗子/圈钱/洗脑/割韭菜/套路,关于文章【张清一是“骗子”还是导师？】的评论 人家受益,人家受益也是真实的，我们全家也很受益
77,评论区(楼中楼),张清一是“骗子”还是导师？,https://zhuanlan.zhihu.com/p/352573221,楠楠,jian-dan-xiao-yu-21,https://www.zhihu.com/people/jian-dan-xiao-yu-21,2022-11-18 00:37:28,0,HIGH,骗子/圈钱/洗脑/割韭菜/套路,关于文章【张清一是“骗子”还是导师？】的评论 鸦片还止,鸦片还止痛呢
78,评论区(楼中楼),张清一是“骗子”还是导师？,https://zhuanlan.zhihu.com/p/352573221,心兰如慧,beauty-wish,https://www.zhihu.com/people/beauty-wish,2022-12-13 00:20:01,0,HIGH,骗子/圈钱/洗脑/割韭菜/套路,关于文章【张清一是“骗子”还是导师？】的评论 如医生开,如医生开药，你不按方子抓药，说医生水平太有限
79,评论区(楼中楼),张清一是“骗子”还是导师？,https://zhuanlan.zhihu.com/p/352573221,楠楠,jian-dan-xiao-yu-21,https://www.zhihu.com/people/jian-dan-xiao-yu-21,2022-12-13 17:00:40,0,HIGH,骗子/圈钱/洗脑/割韭菜/套路,关于文章【张清一是“骗子”还是导师？】的评论 不知所云,不知所云
80,评论区(楼中楼),张清一是“骗子”还是导师？,https://zhuanlan.zhihu.com/p/352573221,楠楠,jian-dan-xiao-yu-21,https://www.zhihu.com/people/jian-dan-xiao-yu-21,2024-01-24 10:03:22,0,HIGH,骗子/圈钱/洗脑/割韭菜/套路、新教育争议/误人子弟/毁孩子/伪国学,关于文章【张清一是“骗子”还是导师？】的评论 意思是虽 | 师？】的评论 意思是虽然新教育害人 但是还有很多人没钱吃饭 所以,"意思是虽然新教育害人 但是还有很多人没钱吃饭 所以来关注新教育的是恶人 因为好人要去关注扶贫问题 
你要不要看看你在说什么"
81,评论区(楼中楼),张清一是“骗子”还是导师？,https://zhuanlan.zhihu.com/p/352573221,卢嘉仪,jun-jun-91-63-89,https://www.zhihu.com/people/jun-jun-91-63-89,2024-01-24 11:18:08,0,HIGH,骗子/圈钱/洗脑/割韭菜/套路、新教育争议/误人子弟/毁孩子/伪国学,关于文章【张清一是“骗子”还是导师？】的评论 您意思是 | 不好，那都是别人害的，别人全是骗子和坏人，包括自己的家人的老师同 | 的评论 您意思是，人家就是专门害人的，你就是被害的好人啰？我这辈,您意思是，人家就是专门害人的，你就是被害的好人啰？我这辈子最看不起不承担自己责任的人，不去提升自己，倒怪坏人太聪明？自己过得不好，那都是别人害的，别人全是骗子和坏人，包括自己的家人的老师同事朋友。老实承认自己不行，才是提升的第一步，而不是到处找坏人，证明自己很无辜。您自己的生活过好没？别找借口！
82,评论区(楼中楼),张清一是“骗子”还是导师？,https://zhuanlan.zhihu.com/p/352573221,楠楠,jian-dan-xiao-yu-21,https://www.zhihu.com/people/jian-dan-xiao-yu-21,2024-01-24 11:34:57,0,HIGH,骗子/圈钱/洗脑/割韭菜/套路、新教育争议/误人子弟/毁孩子/伪国学,关于文章【张清一是“骗子”还是导师？】的评论 你说了一 | 一下。 你的意思是清一无论是否害人 你都能对自己负责 所以他也就,"你说了一大堆
不知道你要表达什么。大姐，你能否清晰表达一下。
你的意思是清一无论是否害人
你都能对自己负责
所以他也就害不到你是吧。"
83,评论区(楼中楼),张清一是“骗子”还是导师？,https://zhuanlan.zhihu.com/p/352573221,楠楠,jian-dan-xiao-yu-21,https://www.zhihu.com/people/jian-dan-xiao-yu-21,2024-01-24 11:40:39,0,HIGH,骗子/圈钱/洗脑/割韭菜/套路、新教育争议/误人子弟/毁孩子/伪国学,关于文章【张清一是“骗子”还是导师？】的评论 新教育如 | 别人人贩子害的，别人人贩子全是骗子和坏人。别盯着人贩子了，老实承 | 说： 您意思是，人贩子就是专门害人的，你就是被害的好人啰？我这辈,"新教育如果真的害了我 那我来质疑 揭发很正常
怎么了 在你眼里 人家害你
还要承认自己能力差？
人贩子害你
你还在家里自我检讨 说：
您意思是，人贩子就是专门害人的，你就是被害的好人啰？我这辈子最看不起不承担自己责任的人，不去提升自己，倒怪人贩子坏人太聪明？自己过得不好，那都是别人人贩子害的，别人人贩子全是骗子和坏人。别盯着人贩子了，老实承认自己不行，才是提升的第一步，而不是到处找坏人，骂人贩子，证明自己很无辜。您自己的生活过好没？别找借口！过好了再去抓人贩子"
84,评论区(楼中楼),张清一是“骗子”还是导师？,https://zhuanlan.zhihu.com/p/352573221,楠楠,jian-dan-xiao-yu-21,https://www.zhihu.com/people/jian-dan-xiao-yu-21,2024-01-24 11:44:55,0,HIGH,骗子/圈钱/洗脑/割韭菜/套路、新教育争议/误人子弟/毁孩子/伪国学,关于文章【张清一是“骗子”还是导师？】的评论 而且有些 | 评论 而且有些人其实也不一定是骗子 只是认知错误 能力有限 飘了 | 为在拯救人 所以你说我骂某人是骗子 可能的确是我的不对 因为张某,"而且有些人其实也不一定是骗子
只是认知错误 能力有限
飘了
他都不知道自己在误导人
他以为在拯救人
所以你说我骂某人是骗子
可能的确是我的不对
因为张某人可能从来不觉得自己在骗人 反而觉得自己在做好事
但是效果呢 结果呢 
这个世界上 是只要振臂一呼 就完全不用为自己的行为负责了吗
还不用接受质疑
早期没骗
后期也没有？"
85,评论区(楼中楼),张清一是“骗子”还是导师？,https://zhuanlan.zhihu.com/p/352573221,卢嘉仪,jun-jun-91-63-89,https://www.zhihu.com/people/jun-jun-91-63-89,2024-01-24 12:23:30,0,HIGH,骗子/圈钱/洗脑/割韭菜/套路,关于文章【张清一是“骗子”还是导师？】的评论 你是法官,你是法官大人，我说不过你。看别人过错，此刻就是地狱。客观中正理性看待事物，不以自己的好恶判断，才能保持内心的安宁，此刻就是天堂。外面没有别人，只有自己（的想法）。我没有资格判断谁对谁错，我只知道我不想去地狱。至于你想去哪里，请随意。但我的确很敬重u兄和山长，因为他们的一些智慧的确帮助过我很多很多，滴水之恩 当涌泉相报。但也不代表他们就是最好的人，从来没有犯错的。因为我只要求我自己，我认为要求别人是疯子、傻子。
86,评论区(楼中楼),张清一是“骗子”还是导师？,https://zhuanlan.zhihu.com/p/352573221,卢嘉仪,jun-jun-91-63-89,https://www.zhihu.com/people/jun-jun-91-63-89,2024-01-24 12:25:28,0,HIGH,骗子/圈钱/洗脑/割韭菜/套路,关于文章【张清一是“骗子”还是导师？】的评论 对了，我,对了，我认为他们没有骗过我。
87,评论区(楼中楼),张清一是“骗子”还是导师？,https://zhuanlan.zhihu.com/p/352573221,楠楠,jian-dan-xiao-yu-21,https://www.zhihu.com/people/jian-dan-xiao-yu-21,2024-01-24 13:31:14,0,HIGH,骗子/圈钱/洗脑/割韭菜/套路,关于文章【张清一是“骗子”还是导师？】的评论 没有骗过 | 】的评论 没有骗过你 代表不是骗子吗？😂 你的意思是他们骗了人,"没有骗过你 代表不是骗子吗？😂
你的意思是他们骗了人 只要没骗你就行了"
88,评论区(楼中楼),张清一是“骗子”还是导师？,https://zhuanlan.zhihu.com/p/352573221,楠楠,jian-dan-xiao-yu-21,https://www.zhihu.com/people/jian-dan-xiao-yu-21,2024-01-24 13:31:40,0,HIGH,骗子/圈钱/洗脑/割韭菜/套路,关于文章【张清一是“骗子”还是导师？】的评论 哈哈哈,哈哈哈 还是说你很有能力 自动屏蔽了他骗你的地方
89,评论区(楼中楼),张清一是“骗子”还是导师？,https://zhuanlan.zhihu.com/p/352573221,卢嘉仪,jun-jun-91-63-89,https://www.zhihu.com/people/jun-jun-91-63-89,2024-01-24 13:48:39,0,HIGH,骗子/圈钱/洗脑/割韭菜/套路,关于文章【张清一是“骗子”还是导师？】的评论 人家免费 | 去发财，不破产才怪。还说人家是骗子，具体怎么骗你们的？你说给我听,人家免费教我们亲子教育、如何做人，有些人自己没学好。然后人家也说了99%的中国人最好不要投资股票，因为会亏。有些人就觉得自己是万选之一，绝顶聪明，还加上了融资。人家只是公开展示自己买了什么股票，有说一定只赚不亏吗？有强迫你买吗？那人家把孩子带的很好，有的成为学霸，有的都成为泰拳金腰带了。那些人怎么不跟？做人都不及格，急着去发财，不破产才怪。还说人家是骗子，具体怎么骗你们的？你说给我听听？是人家骗你，还是你急功近利呢，因为我也是同一个老师！至于u兄，其实他的投资理念跟山长是完全不同的，我觉得他写的很多文章理念都很好，但我没有跟他投资，我只跟他学做人。就等于佛陀也很有智慧，但我不打算跟他一样要出家。
90,评论区(楼中楼),张清一是“骗子”还是导师？,https://zhuanlan.zhihu.com/p/352573221,卢嘉仪,jun-jun-91-63-89,https://www.zhihu.com/people/jun-jun-91-63-89,2024-01-24 13:54:32,0,HIGH,骗子/圈钱/洗脑/割韭菜/套路,关于文章【张清一是“骗子”还是导师？】的评论 你继续骂,你继续骂人贩子吧，好像骂了你孩子就会回来似的。我肯定骂我自己没照顾好孩子啊，这样我才能吸取教训，不再弄丢其他孩子。
91,评论区(楼中楼),张清一是“骗子”还是导师？,https://zhuanlan.zhihu.com/p/352573221,楠楠,jian-dan-xiao-yu-21,https://www.zhihu.com/people/jian-dan-xiao-yu-21,2024-01-24 14:15:42,0,HIGH,骗子/圈钱/洗脑/割韭菜/套路、新教育争议/误人子弟/毁孩子/伪国学,关于文章【张清一是“骗子”还是导师？】的评论 哈哈哈哈 | 的评论 哈哈哈哈 免费和是否是骗子无关。不能说不要钱就没有客观上 | 不要钱就没有客观上害过你了。 骗子高明之处不是直接骗，是诱导。告,"哈哈哈哈
免费和是否是骗子无关。不能说不要钱就没有客观上害过你了。
骗子高明之处不是直接骗，是诱导。告诉你这个很简单 那个很简单。感冒了发烧很简单 生孩子很简单 黄疸很简单 投资很简单 当学霸很简单
但是人家又会加一句 你们自己负责
我只管传递哪怕是害人的东西 但我说了你们自己负责
你会发现他每句话都埋下了伏笔。你挑不出他的毛病
但是其实你仔细看
就会发现前后矛盾
具体分析 我已经和你说了
只是你不敢看。"
92,评论区(楼中楼),张清一是“骗子”还是导师？,https://zhuanlan.zhihu.com/p/352573221,楠楠,jian-dan-xiao-yu-21,https://www.zhihu.com/people/jian-dan-xiao-yu-21,2024-01-24 14:18:44,0,HIGH,骗子/圈钱/洗脑/割韭菜/套路,关于文章【张清一是“骗子”还是导师？】的评论 他自己的,"他自己的孩子带得好 怎么了？难道没跟着他的孩子带得不好吗？
一定走他的路才是正道咯。
你提u兄干什么
u兄自己都可能理论是很大问题 
你确定你看懂了
还出家
好好的话不能说 每天都是这种莫名其妙的"
93,评论区(楼中楼),张清一是“骗子”还是导师？,https://zhuanlan.zhihu.com/p/352573221,楠楠,jian-dan-xiao-yu-21,https://www.zhihu.com/people/jian-dan-xiao-yu-21,2024-01-24 14:20:18,0,HIGH,骗子/圈钱/洗脑/割韭菜/套路,关于文章【张清一是“骗子”还是导师？】的评论 那你又如,"那你又如何知道是学生没学好，不是老师的问题呢
其实你还是回避了一个问题
就是这个老师就是有问题的
只是你选择了自己负责来搪塞掉老师的问题
你并没有正视这个老师的言论可能有极大错误的 可能"
94,评论区(楼中楼),张清一是“骗子”还是导师？,https://zhuanlan.zhihu.com/p/352573221,楠楠,jian-dan-xiao-yu-21,https://www.zhihu.com/people/jian-dan-xiao-yu-21,2024-01-24 14:23:11,0,HIGH,骗子/圈钱/洗脑/割韭菜/套路,关于文章【张清一是“骗子”还是导师？】的评论 你的确应,"你的确应该多跟u兄学学
他投资理念有重大缺陷
但至少人品是好的
知道自己错了 对不起信任自己的人
不像有的人 一味掩饰和推卸
你看看 他们新教育还有一个叫吴什么的
就说自己考了雅思
然后就觉得家里的其他人都应该学他去新教育
说他自己是活生生的例子
且不说去对不对
是不是得有个可行性分析？
当然如果去了 没出来
他又会说 我免费分享给你 我逼迫你了吗
你自己不行怪我咯[思考][思考][思考]"
95,评论区(楼中楼),张清一是“骗子”还是导师？,https://zhuanlan.zhihu.com/p/352573221,卢嘉仪,jun-jun-91-63-89,https://www.zhihu.com/people/jun-jun-91-63-89,2024-01-24 14:26:44,0,HIGH,骗子/圈钱/洗脑/割韭菜/套路,关于文章【张清一是“骗子”还是导师？】的评论 每个人好,每个人好好过自己的生活，有受益的继续受益，不受益的赶紧离开寻找适合自己的生活方式，有必要纠缠不清吗？自己不受益就要搞死对方，才善罢甘休？为什么就一定是老师错、不可以是学生的问题？ 若你生活不好，就原生家庭不好、老师教错、另一半害你、孩子不争气？我们才是这一切的根源啊！如果有人确实害了你，你有证据，就赶紧找法律咨询，不用生气，理性解决问题，非常OK
96,评论区(楼中楼),张清一是“骗子”还是导师？,https://zhuanlan.zhihu.com/p/352573221,楠楠,jian-dan-xiao-yu-21,https://www.zhihu.com/people/jian-dan-xiao-yu-21,2024-01-24 14:34:24,0,HIGH,骗子/圈钱/洗脑/割韭菜/套路,关于文章【张清一是“骗子”还是导师？】的评论 每个人好,每个人好好过自己的生活，有受益的继续受益，不受益的赶紧离开寻找适合自己的生活方式，有必要纠缠人贩子吗吗？自己不受益就要搞死人贩子，才善罢甘休？为什么就一定是人贩子不可以是家长的问题？ 若你生活不好，就原生家庭不好、人贩子害你，另一半害你、孩子不争气？我们才是这一切的根源啊！如果人贩子确实害了你，你有证据，就赶紧找法律咨询，不用生气，理性解决问题，非常OK
97,评论区(楼中楼),张清一是“骗子”还是导师？,https://zhuanlan.zhihu.com/p/352573221,楠楠,jian-dan-xiao-yu-21,https://www.zhihu.com/people/jian-dan-xiao-yu-21,2024-01-24 14:49:35,0,HIGH,骗子/圈钱/洗脑/割韭菜/套路,关于文章【张清一是“骗子”还是导师？】的评论 张某人就,"张某人就是利用财务自由 修行 躺赚等吸引了你们
再用大自然吸引力你们
让你们觉得在城市里难受
激发了骨子里想躺赚想看书学习 也就是好逸恶劳的本性
你们想自由 想财富 想自然
可是又不想付出
所以就向往着新教育
因为新教育能替你们解决棘手的孩子问题
那些苦活 高风险 的活谁干
谁让你每天有电用 有水用
有高铁坐 有飞机 有手机
你不管
只要你不干就行了
主打一个蹭字"
98,评论区(楼中楼),张清一是“骗子”还是导师？,https://zhuanlan.zhihu.com/p/352573221,楠楠,jian-dan-xiao-yu-21,https://www.zhihu.com/people/jian-dan-xiao-yu-21,2024-01-24 14:51:13,0,HIGH,骗子/圈钱/洗脑/割韭菜/套路,关于文章【张清一是“骗子”还是导师？】的评论 那肯定啊,"那肯定啊 骂了 大家同仇敌忾 人贩子只能死路一条了。
也能警惕所有人
那你就继续骂你自己
然后人贩子会感谢你的
因为他们没错
他们还可以继续扩张"
99,评论区(楼中楼),张清一是“骗子”还是导师？,https://zhuanlan.zhihu.com/p/352573221,楠楠,jian-dan-xiao-yu-21,https://www.zhihu.com/people/jian-dan-xiao-yu-21,2024-01-24 14:51:25,0,HIGH,骗子/圈钱/洗脑/割韭菜/套路,关于文章【张清一是“骗子”还是导师？】的评论 走偏了,走偏了 亲
100,评论区(楼中楼),张清一是“骗子”还是导师？,https://zhuanlan.zhihu.com/p/352573221,楠楠,jian-dan-xiao-yu-21,https://www.zhihu.com/people/jian-dan-xiao-yu-21,2024-01-24 14:57:29,0,HIGH,骗子/圈钱/洗脑/割韭菜/套路,关于文章【张清一是“骗子”还是导师？】的评论 对 如果,"对 如果有人打你一顿
你也要说 这是我的错 我不骂他 骂他也改变不了我被打的事实[思考]"
101,评论区(楼中楼),张清一是“骗子”还是导师？,https://zhuanlan.zhihu.com/p/352573221,所谓高人皆为凡人,charly-53-8,https://www.zhihu.com/people/charly-53-8,2024-09-26 09:35:06,0,HIGH,骗子/圈钱/洗脑/割韭菜/套路,关于文章【张清一是“骗子”还是导师？】的评论 说得很棒,说得很棒，科技、服务和生活确实主打一个蹭，不躬身入局；赚钱主打一个在金融市场躺赚（山长自己的说法），至于钱是从培训课赚的还是股市赚的，靠猜。
102,评论区(主评),张清一是“骗子”还是导师？,https://zhuanlan.zhihu.com/p/352573221,香雪莲,chu-xue-hou-sheng,https://www.zhihu.com/people/chu-xue-hou-sheng,2022-09-03 23:51:31,0,HIGH,骗子/圈钱/洗脑/割韭菜/套路,关于文章【张清一是“骗子”还是导师？】的评论 最可悲的 | ？】的评论 最可悲的就是自己被骗子卖了了，还帮助骗子数钱。 | 的就是自己被骗子卖了了，还帮助骗子数钱。,最可悲的就是自己被骗子卖了了，还帮助骗子数钱。
103,评论区(楼中楼),张清一是“骗子”还是导师？,https://zhuanlan.zhihu.com/p/352573221,九尾小七,94-30-61-28,https://www.zhihu.com/people/94-30-61-28,2022-09-15 02:20:56,0,HIGH,骗子/圈钱/洗脑/割韭菜/套路,关于文章【张清一是“骗子”还是导师？】的评论 最可恨的 | 师？】的评论 最可恨的是还帮着骗子骗别人！,最可恨的是还帮着骗子骗别人！
104,评论区(楼中楼),张清一是“骗子”还是导师？,https://zhuanlan.zhihu.com/p/352573221,香雪莲,chu-xue-hou-sheng,https://www.zhihu.com/people/chu-xue-hou-sheng,2022-09-15 07:59:13,0,HIGH,骗子/圈钱/洗脑/割韭菜/套路,关于文章【张清一是“骗子”还是导师？】的评论 也许，他 | 还蒙在鼓里，他们的初心并不是帮骗子骗人，而是被洗脑后的自发行为， | 在鼓里，他们的初心并不是帮骗子骗人，而是被洗脑后的自发行为，就像,也许，他们自己都还蒙在鼓里，他们的初心并不是帮骗子骗人，而是被洗脑后的自发行为，就像邪教全能神信徒。只要还在他们还沉浸在那个抱团取暖，相互麻醉的氛围里，在清一山长拼凑的毒鸡汤持续加持下，基本是很难出离这个组织。非常邪恶的一个团体。
105,评论区(楼中楼),张清一是“骗子”还是导师？,https://zhuanlan.zhihu.com/p/352573221,没事儿闲逛逛,qie-ting-feng-yin-31-40-36,https://www.zhihu.com/people/qie-ting-feng-yin-31-40-36,2024-01-17 15:42:00,0,HIGH,骗子/圈钱/洗脑/割韭菜/套路,关于文章【张清一是“骗子”还是导师？】的评论 正文“机,正文“机缘巧合下”很奇怪啊！天下哪有这么多缘，即使有那也是“元”
106,评论区(主评),张清一是“骗子”还是导师？,https://zhuanlan.zhihu.com/p/352573221,刘晓红,she-de-wu-wei-zhou,https://www.zhihu.com/people/she-de-wu-wei-zhou,2021-02-24 14:56:53,0,HIGH,骗子/圈钱/洗脑/割韭菜/套路,关于文章【张清一是“骗子”还是导师？】的评论 我朋友家,我朋友家孩子也学习两年时间了，无论是体能、心性还是学习能力都获得了巨大突破！结果最经得起检验！
107,评论区(楼中楼),张清一是“骗子”还是导师？,https://zhuanlan.zhihu.com/p/352573221,香雪莲,chu-xue-hou-sheng,https://www.zhihu.com/people/chu-xue-hou-sheng,2022-09-15 20:01:00,0,HIGH,骗子/圈钱/洗脑/割韭菜/套路,关于文章【张清一是“骗子”还是导师？】的评论 我同事的,我同事的小孩就是这个学校的，体能好像有提升，但是综合能力一塌糊涂，并不是清一吹嘘的那样，一个品学兼优的孩子就这么废了。所谓经得起检验，那可能是你我的标准不同，也可能是你错误判断，你先观察那个孩子是不是已经产生了双重人格，再来下结论吧！同样是朋友或者同事身边的孩子，你说我是信你，还是信我身边亲眼所见呢？
108,评论区(楼中楼),张清一是“骗子”还是导师？,https://zhuanlan.zhihu.com/p/352573221,恋恋,lian-lian-43-53,https://www.zhihu.com/people/lian-lian-43-53,2022-09-15 22:52:20,0,HIGH,骗子/圈钱/洗脑/割韭菜/套路,关于文章【张清一是“骗子”还是导师？】的评论 我家也有,我家也有两孩子废了，心痛
109,评论区(楼中楼),张清一是“骗子”还是导师？,https://zhuanlan.zhihu.com/p/352573221,香雪莲,chu-xue-hou-sheng,https://www.zhihu.com/people/chu-xue-hou-sheng,2022-09-16 09:35:52,0,HIGH,骗子/圈钱/洗脑/割韭菜/套路,关于文章【张清一是“骗子”还是导师？】的评论 那是，我,那是，我看见同事的孩子都是如此心情，更别说是自己家的孩子了。同事两口子都是非常好的人，如今家庭面临崩溃，其中最大的原因就是这个孩子错入清一的教育骗局。从当初的信心满满，到如今的失魂落魄，真的让人感叹不已。
110,评论区(楼中楼),张清一是“骗子”还是导师？,https://zhuanlan.zhihu.com/p/352573221,香雪莲,chu-xue-hou-sheng,https://www.zhihu.com/people/chu-xue-hou-sheng,2022-11-01 12:23:53,0,HIGH,骗子/圈钱/洗脑/割韭菜/套路,关于文章【张清一是“骗子”还是导师？】的评论 嗯，这是,嗯，这是最让人痛心的事情。清一山长他们的评论都设置了，不让发表对他们不利的回复，其实这也是他心虚的表现。
111,评论区(楼中楼),张清一是“骗子”还是导师？,https://zhuanlan.zhihu.com/p/352573221,彷徨,pang-huang-31,https://www.zhihu.com/people/pang-huang-31,2023-04-21 09:43:30,0,HIGH,骗子/圈钱/洗脑/割韭菜/套路,关于文章【张清一是“骗子”还是导师？】的评论 大哥现在,大哥现在你们的孩子怎样了？回学校上学了嘛？
112,评论区(楼中楼),张清一是“骗子”还是导师？,https://zhuanlan.zhihu.com/p/352573221,玉米,86-81-58-53-17,https://www.zhihu.com/people/86-81-58-53-17,2023-10-22 16:20:00,0,HIGH,骗子/圈钱/洗脑/割韭菜/套路,关于文章【张清一是“骗子”还是导师？】的评论 那这个孩,"那这个孩子可能是自己不想提升
跟新教育无关"
113,评论区(楼中楼),张清一是“骗子”还是导师？,https://zhuanlan.zhihu.com/p/352573221,楠楠,jian-dan-xiao-yu-21,https://www.zhihu.com/people/jian-dan-xiao-yu-21,2024-01-24 10:05:30,0,HIGH,骗子/圈钱/洗脑/割韭菜/套路,关于文章【张清一是“骗子”还是导师？】的评论 要体能,"要体能 你直接送去入伍是不是更好
还光耀门楣 还发工资
送去武校也行"
114,评论区(主评),张清一是“骗子”还是导师？,https://zhuanlan.zhihu.com/p/352573221,lingling,lingling-88-43,https://www.zhihu.com/people/lingling-88-43,2021-02-24 15:12:02,0,HIGH,骗子/圈钱/洗脑/割韭菜/套路,关于文章【张清一是“骗子”还是导师？】的评论 我孩子在,我孩子在2020/9月通过夏令营进入新教育，9岁的一位小男孩由92斤变到72斤，由原来没有目标，依赖父母，胆小，自理能力弱，自控能力弱，变为目标感强，自控能力强（以前很喜欢吃零食，现在基本不迟，过年看到很多美食都自觉管住自己的嘴），每日三餐都是他煮的，还赶很多家务，自觉完成学堂安排的学习任务，自己有手机也是听英文歌和学习用，不玩手机游戏（以前在体制的时候都会与同学一起玩吃鸡游戏），运动能力也变强了，整个人的精气神也提升了，虽然不是在今日学堂或清一塾读书，但短短几个月已经有这么大的变化，过年身边的亲友都特别羡慕。希望新教育越办越好！我也会坚持走下去。
115,评论区(楼中楼),张清一是“骗子”还是导师？,https://zhuanlan.zhihu.com/p/352573221,宋兵乙,song-bing-yi-63,https://www.zhihu.com/people/song-bing-yi-63,2022-02-09 19:42:48,0,HIGH,骗子/圈钱/洗脑/割韭菜/套路,关于文章【张清一是“骗子”还是导师？】的评论 不会说话,不会说话就别说
116,评论区(楼中楼),张清一是“骗子”还是导师？,https://zhuanlan.zhihu.com/p/352573221,浮萍,hu-zhi-xiong-29,https://www.zhihu.com/people/hu-zhi-xiong-29,2022-02-15 10:56:43,0,HIGH,骗子/圈钱/洗脑/割韭菜/套路,关于文章【张清一是“骗子”还是导师？】的评论 别人说的,别人说的好像也没错
117,评论区(楼中楼),张清一是“骗子”还是导师？,https://zhuanlan.zhihu.com/p/352573221,不明真相的群众,bu-ming-zhen-xiang-de-qun-zhong-53,https://www.zhihu.com/people/bu-ming-zhen-xiang-de-qun-zhong-53,2022-02-20 13:48:45,0,HIGH,骗子/圈钱/洗脑/割韭菜/套路,关于文章【张清一是“骗子”还是导师？】的评论 你家的活,你家的活法伤害到一些人了。[大笑]
118,评论区(楼中楼),张清一是“骗子”还是导师？,https://zhuanlan.zhihu.com/p/352573221,楠楠,jian-dan-xiao-yu-21,https://www.zhihu.com/people/jian-dan-xiao-yu-21,2023-08-25 13:30:49,0,HIGH,骗子/圈钱/洗脑/割韭菜/套路,关于文章【张清一是“骗子”还是导师？】的评论 这有什么,这有什么呢？我在当年读重点中学的时候，比你说的还要懂事多少倍。那又怎么样？教育又不是专门教人搞这个。
119,评论区(楼中楼),张清一是“骗子”还是导师？,https://zhuanlan.zhihu.com/p/352573221,玉米,86-81-58-53-17,https://www.zhihu.com/people/86-81-58-53-17,2023-10-22 16:18:24,0,HIGH,骗子/圈钱/洗脑/割韭菜/套路,关于文章【张清一是“骗子”还是导师？】的评论 这才是真,"这才是真正的新教育
我就是新教育的学生
希望你的孩子越来越好"
120,评论区(楼中楼),张清一是“骗子”还是导师？,https://zhuanlan.zhihu.com/p/352573221,冠军班 刘轩彤,momo-61-81-77,https://www.zhihu.com/people/momo-61-81-77,2023-12-24 19:25:57,0,HIGH,骗子/圈钱/洗脑/割韭菜/套路,关于文章【张清一是“骗子”还是导师？】的评论 那你真牛,那你真牛逼[大笑]
121,评论区(楼中楼),张清一是“骗子”还是导师？,https://zhuanlan.zhihu.com/p/352573221,楠楠,jian-dan-xiao-yu-21,https://www.zhihu.com/people/jian-dan-xiao-yu-21,2023-12-25 10:44:37,0,HIGH,骗子/圈钱/洗脑/割韭菜/套路,关于文章【张清一是“骗子”还是导师？】的评论 教育是让,"教育是让一个人提高生产效率，出一个雷军 马斯克 就是教育的成功，而不是是不是自己洗衣服。是不是干家务。新教育因为没有成功案例 就专门提这些乖宝宝。
我读书时 我是全宿舍最勤快的，洗澡洗衣服总看不到同寝室的人
他们有的家庭条件好 直接投币洗衣机 吃穿用度都不错。
你猜人家现在过得好不好。"
122,评论区(楼中楼),张清一是“骗子”还是导师？,https://zhuanlan.zhihu.com/p/352573221,楠楠,jian-dan-xiao-yu-21,https://www.zhihu.com/people/jian-dan-xiao-yu-21,2023-12-25 10:46:32,0,HIGH,骗子/圈钱/洗脑/割韭菜/套路,关于文章【张清一是“骗子”还是导师？】的评论 你对成功,"你对成功的标准走偏了。成功是发掘潜力，创新，不是在这里搞军事化训练，内务做得好不好，饭做得快不快。其实就是新教育没有足够的能力，所以用“会做事”来糊弄你，而你的确可能得个乖宝宝，但你孩子的潜在的能力，有机会发掘吗
新教育在理科方面有好老师吗 有资源吗"
123,评论区(楼中楼),张清一是“骗子”还是导师？,https://zhuanlan.zhihu.com/p/352573221,AndyEnder,andyender,https://www.zhihu.com/people/andyender,2024-06-17 10:19:54,0,HIGH,骗子/圈钱/洗脑/割韭菜/套路,关于文章【张清一是“骗子”还是导师？】的评论 饭都不会,饭都不会做，还当啥人呐[白眼]。如果想让人提高生产效率，你应该让他去学技术
124,评论区(楼中楼),张清一是“骗子”还是导师？,https://zhuanlan.zhihu.com/p/352573221,楠楠,jian-dan-xiao-yu-21,https://www.zhihu.com/people/jian-dan-xiao-yu-21,2024-07-05 15:57:42,0,HIGH,骗子/圈钱/洗脑/割韭菜/套路,关于文章【张清一是“骗子”还是导师？】的评论 哈哈 所,"哈哈 所以体制教育的短处仅仅是不教人做饭嘛 那好办啊 三个月寒暑假家长教一下撒
人家只是没教 没说不让你教  还鼓励孩子做家务
但所谓新教育的坑 是你家长能补的么
你拿几十万 去读书 他告诉你他的优势不是学技术是做家务？？？？？？
和着技术不值钱 新东方烹饪值钱？？"
125,评论区(楼中楼),张清一是“骗子”还是导师？,https://zhuanlan.zhihu.com/p/352573221,朵朵,duo-duo-52-41-84,https://www.zhihu.com/people/duo-duo-52-41-84,2024-07-16 11:14:32,0,HIGH,骗子/圈钱/洗脑/割韭菜/套路,关于文章【张清一是“骗子”还是导师？】的评论 对于孩子,对于孩子以后没有学籍，在社会怎样立足， 你想过吗？我也是想让孩子走新教育这条路，目前最担心的就是孩子以后没有学籍，踏入社会后的路有些担心。
126,评论区(楼中楼),张清一是“骗子”还是导师？,https://zhuanlan.zhihu.com/p/352573221,自知者明,ren-zai-lu-tu-46-66,https://www.zhihu.com/people/ren-zai-lu-tu-46-66,2025-09-19 14:45:52,0,HIGH,骗子/圈钱/洗脑/割韭菜/套路,关于文章【张清一是“骗子”还是导师？】的评论 如何了现,如何了现在
127,评论区(楼中楼),张清一是“骗子”还是导师？,https://zhuanlan.zhihu.com/p/352573221,文成武德张,93-55-89-13,https://www.zhihu.com/people/93-55-89-13,2025-10-08 06:28:37,0,HIGH,骗子/圈钱/洗脑/割韭菜/套路,关于文章【张清一是“骗子”还是导师？】的评论 娃今年应,娃今年应该14岁，现在怎样了？再过4年18岁准备怎么办？
128,专栏文章,"张
清一山长
十大""反常识""，凑齐一套能去天桥说相声",https://zhuanlan.zhihu.com/p/2073863526649802865,箴茅,50-36-55-23-76,https://www.zhihu.com/people/50-36-55-23-76,,19,HIGH,假武术/无实战能力/花架子、骗子/圈钱/洗脑/割韭菜/套路,"郎""。 江湖传言徐晓东曾把传武假大师轰出门。张清一比那些挨揍的""太 | 传武假大师轰出门。张清一比那些挨揍的""太极大师""高明之处，在于他 | 太极大师""高明之处，在于他不必上擂台——他筑了座文辞戏台，自己扮山","在知乎搜""张清一""，画风很迷：一边是家长跪谢""教育界的袁隆平""，一边是脱粉帖细数今日学堂怎么把娃教到自考兜底。 把山长博客和知乎转帖摊开一看，这位武大哲学硕士、自封""家""级人物（教育一家、武术一家、中医一家、金融一家）的雄文里，反常识浓度高得能当伪科学标本册。挑十条最经典的，陪诸位吃瓜。
其一，怕丑就会真变丑，信""吸引力法则""包治容颜。 山长郑重告诉我们：女子心中恐惧""丑""，就会""很快变老变丑""，连思维都让人敬而远之。这味儿熟，不就是 《秘密》+ 《水知道答案》的二手鸡汤？理科生圈早把吸引力法则归为伪科学，纯属幸存者偏差加记忆过滤。 按这逻辑，整容医生该改行卖励志书。
其二，西医不会治病，慢性病全靠悟道。 ""西医不关心病从哪来，逻辑上不合理""""人类跟细菌住了几万年为啥没死光""——山长据此宣判现代医学在慢病面前无能。 可世卫组织和柳叶刀的流行病学数据并不认这套：疫苗、抗生素、透析、靶向药没救过人？朱莉切乳腺是有 BRCA 基因量化风险，不是算命。把外科急症那句""手砍断了西医有用""当施舍，大师慷慨似菩萨。
其三，真中医自己不得病，得病就是庸医。 他骂中风老中医""连自己都治不好，怎救别人""，又说""懂中医根本不会中风""。 合着扁鹊、华佗、张仲景都得活到九十九，否则 《伤寒论》自动作废。按这标准，牛顿得痛风→经典力学失效；山长头发白过→哲学硕士证书该收回。
其四，文科是垃圾，体制培养""奴""和""徒""。 山长把社会人分七等：奴徒工匠师家圣，外加第八等""废物混蛋垃圾人""，顺手把送孩子进新教育的家长归到第八等，说自己带的是""师家圣""大礼包。 武大若听见校友把人文社科统称为垃圾，估计想把电气楼那块匾摘了重刻""工科净土""。
其五，儿童半年学完九年数学，三四个月雅思通关。 今日学堂宣称 12-15 岁搞思维写作，突破班孩子""四个月突破英语""，家长在知乎吹 10 岁娃双语演讲。可真拿成绩单？SAT 1500、常青藤录取，喊了多年没落地；离校学生多数回体制走自考或国际学校自救。 秘方永远在下一期课程里。
其六，传武打泰拳拿世界冠军，山长以""文人太极""驭之。 2025 年成都世运会有个叫刘晓慧（木兰明晓）的姑娘拿女子泰拳（外卡）金牌，清一系立马封神：""中国第一个用太极打泰拳的世界冠军""。 仔细看：选手 16 岁起专项泰拳八个月、常驻清迈泰拳馆实战三年，太极是底色不是擂台技。把泰拳奖牌贴到太极拳脸上，相当于用麦当劳炸鸡获奖，宣布""中式炒菜征服全球快餐业""。
其七，""我命由我不由天""，你生病是你当小白鼠。 山长训话：治病不主动主宰，就是任医生喂药的小白鼠。 可他自己当年扬言带学生去美国治癌症、顺手颠覆西医，至今查无此病案。 命由我不由天，天由山长解释。
其八，社会分八层，山长自居""家""，弟子皆准精英。 那套""奴徒工匠师家圣+废物""的金字塔，配合""新教育出来的是国礼级第三性女性""，读着像 《晋江修仙文》设定。 现实是：清迈木兰班、今日三语学校、磨丁校区，孩子退学后不少得重新自学对接高中。 精英滤镜碎一地，山长解释权永远归山长。
其九，搬砖抹地治多动症，模仿成功学演讲治自卑。 学堂心理行为训练：皮的孩子去搬砖除草降燥气，自卑的去练武加演讲成功学。 这叫""事上磨练""还是把儿童当行为矫正实验兔？至少循证教育学不认""搬砖=专注力训练""这条因果链。
其十，长篇＝真理，谁质疑谁是被洗脑的奴。 山长每篇博文万字起步，先否掉全社会，再引 《道德经》自转，落点到""跟我学慧心课""。知乎网友总结得俏：长文是权威感流水线，不是论证。 真有干货的人，费曼讲得清；讲不清的，靠字数吓人。
十条摆完，山长形象也从""横空出世的道术大家""退化为穿长衫、捋虚须、在知乎评论区跟人辩""你这奴级思维""的舞台丑角。不是说他早年对应试教育的批评全无道理——高考工厂确有病灶；可拿病灶当跳板，贩伪科学、分等级、神化自家拳与钱，这就不是教育家，是把 《读者》摘抄、《秘密》残页、武侠旁白和传销话术炖一锅的""知识地摊货郎""。
江湖传言徐晓东曾把传武假大师轰出门。张清一比那些挨揍的""太极大师""高明之处，在于他不必上擂台——他筑了座文辞戏台，自己扮山长，观众交学费坐前台，退票的被划入""第八等人""。只是戏台再大，也改不了后台那点事：泰拳姑娘的金牌、删不掉的早期博文、离校娃的自考准考证，才是较真的票友。
知乎老话：先问是不是，再问为什么。山长反过来——先封你为奴，再问你配不配提问。这路数，天桥相声演员都不敢这么使，怕砸挂。"
129,专栏文章,"清一
新教育｜与清一邪教抗争到底的不是口舌之争，而是法律武器",https://zhuanlan.zhihu.com/p/2069563878569202287,守望者,zhivh8zilf,https://www.zhihu.com/people/zhivh8zilf,,21,HIGH,骗子/圈钱/洗脑/割韭菜/套路、新教育争议/误人子弟/毁孩子/伪国学,组织，口舌争辩难以撼动这套封闭洗脑体系，和它长久博弈，依靠的从来 | 法行径，所有侵害未成年人、敛财洗脑的不法事实终会被逐一查实。秉持 | 清一 新教育｜与清一邪教抗争到底的不是口舌之争，而是法,"对这个毫无廉耻的组织，口舌争辩难以撼动这套封闭洗脑体系，和它长久博弈，依靠的从来不是空谈道理，而是严明的法律准绳。
该组织借教育外衣非法办学、精神操控、大肆敛财，还辗转多地、转移境外规避监管，仅凭言语辩驳无法戳破层层伪装。我们收集受害者证据、梳理资金链条、递交举报线索，全程循着法律轨道稳步前行。
维权从无捷径，我们早已做好长久坚持的准备：一年未果便坚守两年，两年漫长就守候五年。纵使它刻意拖延、辗转藏匿，法律不会纵容违法行径，所有侵害未成年人、敛财洗脑的不法事实终会被逐一查实。秉持耐心久久为功，终将依靠法治力量斩断其灰色链条，守护无数家庭与孩子本该安稳的人生。"
130,评论区(主评),"清一
新教育｜与清一邪教抗争到底的不是口舌之争，而是法律武器",https://zhuanlan.zhihu.com/p/2069563878569202287,茅箴,mao-zhen-21,https://www.zhihu.com/people/mao-zhen-21,2026-08-10 09:11:53,0,HIGH,骗子/圈钱/洗脑/割韭菜/套路,舌之争，而是法律武器】的评论 骗子们早就不知什么廉耻了，要不上课 | 上课问“什么是良知”[捂嘴]。骗子就一个想法，不管儿童死活，就是 | 关于文章【清一 新教育｜与清一邪教抗争到底的不是口舌之争，而是法,骗子们早就不知什么廉耻了，要不上课问“什么是良知”[捂嘴]。骗子就一个想法，不管儿童死活，就是掏空你的口袋。
131,评论区(楼中楼),"清一
新教育｜与清一邪教抗争到底的不是口舌之争，而是法律武器",https://zhuanlan.zhihu.com/p/2069563878569202287,来时路,v4m5qh,https://www.zhihu.com/people/v4m5qh,2026-08-17 11:09:47,0,HIGH,骗子/圈钱/洗脑/割韭菜/套路,关于文章【清一 新教育｜与清一邪教抗争到底的不是口舌之争，而是法,违背法律的“良知”还能叫良知？
132,评论区(主评),"清一
新教育｜与清一邪教抗争到底的不是口舌之争，而是法律武器",https://zhuanlan.zhihu.com/p/2069563878569202287,FAFN,fafa-54-68-60,https://www.zhihu.com/people/fafa-54-68-60,2026-08-16 23:46:01,0,HIGH,骗子/圈钱/洗脑/割韭菜/套路,存在也要帮清一新教育主理人夫妻骗人骗钱。 这群人在行恶事，但他们 | 关于文章【清一 新教育｜与清一邪教抗争到底的不是口舌之争，而是法 | 事，在修行！ 清一新教育妥妥的邪教本质哪,"如夫妻之间对于送孩子入读清一教育的非法学校这件事情上出现意见不统一，一方不同意另一方把“夫妻共同财产”作为学费交给伪清一新教育“基金会”这种让教主赚不到便宜的事，新教育组织就怂恿信众离婚、离家、离开“能量不同频”、“低能量”的另一半（其他家长以过来人身份分享其“成功经验”）。
总而言之就是宁可劝离婚、拆散家庭，也要把家庭财富送进老脏夫妇的腰包里，哪怕信众们明知道清一新教育基金会不存在也要帮清一新教育主理人夫妻骗人骗钱。
这群人在行恶事，但他们却自我催眠觉得自己能量高，在做着正确的事，在修行！
清一新教育妥妥的邪教本质哪"
133,评论区(主评),"清一
公社是一个流窜于境外的非法组织",https://zhuanlan.zhihu.com/p/2067549531009463364,德鲁伊,deluyi-6-91-4,https://www.zhihu.com/people/deluyi-6-91-4,2026-08-03 10:28:07,0,MEDIUM,骗子/圈钱/洗脑/割韭菜/套路,互联网留下痕迹，避免后来人上当受骗,只为在互联网留下痕迹，避免后来人上当受骗
134,专栏文章,"张清一队员拳赛成绩能否说明“
清一
公社”合法性？",https://zhuanlan.zhihu.com/p/2068798128896078823,文成武德张,93-55-89-13,https://www.zhihu.com/people/93-55-89-13,,18,MEDIUM,新教育争议/误人子弟/毁孩子/伪国学,质、无证开展义务教育阶段教学的非法办学机构。 无工商注册 ：有回答指,"关于张清一队员的拳赛成绩能否说明“清一公社”合法性的问题，需要从
法律资质
和
体育成绩
两个层面分开来看。简单来说，
比赛成绩本身并不能赋予一个组织合法性
，两者之间没有必然的因果关系。
1. 拳赛成绩是体育能力的体现，而非法律资质的证明
张清一武道馆的队员确实在国内外格斗赛事中取得过亮眼成绩，例如：
2020年至2025年底，清一木兰和公主们共打了543场比赛，胜率74%，KO率35%。
2023年首次参加全国泰拳锦标赛即斩获3金4银2铜，此后两年累计获得32金39银41铜。
2024年五位队员入选国家队，在东亚泰拳锦标赛中代表中国获得3金1银1铜的历史最佳战绩。
2025年刘晓慧在成都世界运动会上斩获中国首个泰拳女子世界冠军。
这些成绩确实体现了队员的竞技水平和训练成果，但
体育比赛的参赛资格和成绩，并不能等同于组织本身的合法注册或办学资质
。比赛主办方通常只审核运动员个人或代表队的参赛资格，并不会对背后的组织进行全面的法律合规审查。
2. “清一公社”的合法性争议
根据搜索结果，针对“清一新教育”及其相关机构（包括“清一公社”）的合法性问题，存在明确的举报和质疑：
非法社会组织
：据举报，包括“清一基金会”“今日学堂”“清一公社”“清一大学”等在内的机构，均系未经民政部门合法登记的非法社会组织，属于无办学资质、无证开展义务教育阶段教学的非法办学机构。
无工商注册
：有回答指出，清一圈“无任何工商注册，执照，无固定地点办学，打游击”。
跨境招生问题
：该组织被指长期策划实施跨境招生活动，诱导适龄儿童脱离国家法定义务教育体系，组织未成年人出境至泰国、老挝等境外办学点集中就读，涉嫌违反《义务教育法》《未成年人保护法》等多部法律法规。
此外，有文章从保险和法律角度分析，指出张清一本人没有证券经纪从业资格，其名下机构缺乏合法对公账户，财务运作存在合法与非法资产混同的问题。
3. 结论：成绩不能替代合法性
拳赛成绩只能证明运动员的竞技水平，不能证明组织的法律地位。
 一个组织是否合法，取决于其是否依法完成工商注册、民政登记、办学许可等程序，而非其成员在体育赛事中的表现。即便队员在国际比赛中为国争光，也无法改变“清一公社”在注册资质、办学许可等方面存在的法律争议。
因此，
张清一队员的拳赛成绩，不能作为“清一公社”合法性的依据
。对于该组织的法律地位，仍需以官方登记信息和监管部门的认定为准。"
135,评论区(主评),"清一
新教育的功与过：美好愿景下的残酷真相",https://zhuanlan.zhihu.com/p/2037887676087542321,奔跑的蜗牛,6-93-61-85-36,https://www.zhihu.com/people/6-93-61-85-36,2026-07-10 13:44:12,0,MEDIUM,骗子/圈钱/洗脑/割韭菜/套路,的残酷真相】的评论 只能说他是骗人的旷世奇才，他那些能力仔细看看,只能说他是骗人的旷世奇才，他那些能力仔细看看，其实并没有他吹的那么好，而是非常的一般，只是他心里素质不错，脸皮厚，一点点能力都敢吹上天，久而久之，就迷惑了大多数人！我就是这样被迷惑的呀，但现在仔细想想，他投资能力并没有太好，他教育孩子的能力也很一般，他对传统文化的理解能力也没有多好，一切都是很普通的，唯一不普通的只是比普通人更会玩弄人心，脸皮更厚，把自己造成一个万能的神，这个是一般不敢想象，也不敢做的能力！[捂脸]
136,评论区(主评),"清一
新教育的功与过：美好愿景下的残酷真相",https://zhuanlan.zhihu.com/p/2037887676087542321,稀有人类,xi-you-ren-lei-21,https://www.zhihu.com/people/xi-you-ren-lei-21,2026-06-18 04:14:10,0,HIGH,骗子/圈钱/洗脑/割韭菜/套路,好愿景下的残酷真相】的评论 搞洗脑骗钱，然后跑路海外[飙泪笑] | 景下的残酷真相】的评论 搞洗脑骗钱，然后跑路海外[飙泪笑],搞洗脑骗钱，然后跑路海外[飙泪笑]
137,回答正文,,https://www.zhihu.com/answer/2074842481301120704,宝石,bao-shi-7-53,https://www.zhihu.com/people/bao-shi-7-53,,5,HIGH,骗子/圈钱/洗脑/割韭菜/套路,邪教发源地，大邪师DPD，毕业之后,邪教发源地，大邪师DPD，毕业之后要么成为小邪NPD，要么自我精神分裂
138,回答正文,,https://www.zhihu.com/answer/2059643300248924837,羽裂蓑衣,5-93-44-7,https://www.zhihu.com/people/5-93-44-7,,9,HIGH,骗子/圈钱/洗脑/割韭菜/套路,记，竟然有和神对话的课，感觉像邪教,看到有学生发学习日记，竟然有和神对话的课，感觉像邪教
139,评论区(主评),,https://www.zhihu.com/answer/2059643300248924837,逸尘,yi-chen-77-92-10,https://www.zhihu.com/people/yi-chen-77-92-10,2026-07-15 01:18:53,0,HIGH,骗子/圈钱/洗脑/割韭菜/套路,任何资质的所谓大学的运作模式套邪教认定的若干要素一一对照，鲜有对 | 对照，鲜有对不上的，这就是一个邪教组织！,但凡拿这个没有任何资质的所谓大学的运作模式套邪教认定的若干要素一一对照，鲜有对不上的，这就是一个邪教组织！
140,评论区(主评),,https://www.zhihu.com/answer/2059643300248924837,Bxzx,bao-xian-chao-shi-18765752931,https://www.zhihu.com/people/bao-xian-chao-shi-18765752931,2026-07-14 17:45:09,0,HIGH,骗子/圈钱/洗脑/割韭菜/套路,关于问题【】的评论 必须是邪教,必须是邪教
141,回答正文,,https://www.zhihu.com/answer/2070118434818593073,箴茅,50-36-55-23-76,https://www.zhihu.com/people/50-36-55-23-76,,19,HIGH,骗子/圈钱/洗脑/割韭菜/套路,度堪比街头卖完大力丸就跑的江湖骗子。 李敖要是活着，大概会这么说 | 其实很简单：前者是“高端出海版传销”，后者是“本土封闭版传销”。 | 海版传销”，后者是“本土封闭版传销”。 老板分别是张清一（张健柏,"答主：在教育圈踩过坑的人
谢邀，懒得展开，直接说透。
很多人分不清“清一新教育”和“如是书院”，其实很简单：前者是“高端出海版传销”，后者是“本土封闭版传销”。 老板分别是张清一（张健柏）和如平（赖泽明），两人没血缘关系，但收割逻辑一模一样：用“脱离体制”当诱饵，用“国学/精英”当滤镜，拿家长的焦虑当现金流。
先看清一系。张口闭口“颠覆K12”，其实就是让孩子去考美国的GED（高中同等学历考试）。这玩意儿原本是给没读完高中的成年人补证的，到了张大师嘴里就成了“碾压中美高考的神迹”。更别说那“百万共建费”，两百个孩子就是两个亿现金池。这钱买的是什么？是让家长自我感动的“爱国精英”人设，是切断孩子学籍后的“断尾求生”，以及一张大概率指向东南亚某特区、随时可能被当地执法部门清场的“单程票”。
再看最近翻车的“如是书院”。老板如平是个老熟人，2001年就因非法经营（传销）蹲过两年。出狱后换了个“国学导师”的马甲，专收厌学、抑郁的孩子。手法很糙但有效：收手机、收身份证、戒尺打手、关小黑屋“调整”。新昌县联合调查组已经进驻，但最讽刺的是，这种把“体罚”包装成“爱的棒喝”的作坊，居然能年收十几万学费，还被家长当成“救命稻草”。
两者的核心都在“控制”。张清一用“GED神话”忽悠高净值人群，如平用“戒尺管教”吓唬绝望家长。但剥开画皮，底色全是BITE模型：行为控制（退学、搬砖）、信息控制（屏蔽外界）、思维控制（独创话术）、情绪控制（制造愧疚）。
最恶心的是对生命的漠视。网上传九岁女童因零食被“调整”致死，虽未见官方通报，但光“十一岁男孩大太阳下搬砖打磨燥气”、“十六七岁‘2.0老师’上岗执教”这些实锤，已经足够触目惊心。张清一在关善祥事件后光速切割，冷血程度堪比街头卖完大力丸就跑的江湖骗子。
李敖要是活着，大概会这么说：“这哪是教育？这是把你的孩子放进一个没有出口的玻璃罐，外面贴着‘精英培养皿’，里面灌满了导师的贪婪和家长的无知。”
真正的教育，从不要求你下跪，也不收百万“臣服费”。凡是让你退学籍、断联系、无条件服从某个“大师”的，全是骗局。如今如是书院被查，张清一在磨丁风雨飘摇，这不仅仅是两家机构的倒掉，更是对所有“教育传销”的一次预警：别拿孩子当小白鼠，否则反噬的，终将是你自己的晚年。"
142,评论区(主评),,https://www.zhihu.com/answer/2070118434818593073,宝石,bao-shi-7-53,https://www.zhihu.com/people/bao-shi-7-53,2026-08-10 13:52:20,0,MEDIUM,新教育争议/误人子弟/毁孩子/伪国学,问题【】的评论 张清一的新教育毒害程度更甚，是腐蚀至心灵的，把家,张清一的新教育毒害程度更甚，是腐蚀至心灵的，把家长和孩子们的精神寄托掏空，只为他的清1⃣️教服务
